,date,Code,CO,NO_2,NOx,O_3,PM10,SO_2,NO,station,type,lat,lon
0,2017-01-01,mc010,,37.10723575162566,59.27166445055647,22.25052594670407,26.993279569892472,,14.540586085256495,Wedding,Hintergrund,52.543040999999995,13.349326000000001
1,2017-01-01,mc027,,23.343315695524673,28.96304029070508,31.86629266012155,,,3.729721832632071,Marienfelde,Stadtrand,52.398405555555556,13.368102777777779
2,2017-01-01,mc032,,21.578415643107082,25.486316531372633,30.695609113948972,22.380824372759857,,2.507598778811963,Grunewald,Stadtrand,52.47319166666667,13.225144444444444
3,2017-01-01,mc018,,36.22238514173997,52.31060606060606,,,,10.535557184750733,Schöneberg,Hintergrund,52.48581388888889,13.348775
4,2017-01-01,mc143,,55.62856474988312,167.60816970546983,,32.11161757830762,,73.34344319775597,Silbersteinstraße,Verkehr,52.467511111111115,13.441650000000001
5,2017-01-01,mc124,,49.68075035063112,148.4703132304815,,33.83870967741935,,64.67490649836373,Mariendorfer Damm,Verkehr,52.43805555555555,13.3875
6,2017-01-01,mc174,0.4760811126694717,48.077956989247305,112.1105656848995,,38.221774193548384,3.449275362318841,41.906030855539974,Frankfurter Allee,Verkehr,52.514072222222225,13.469930555555555
7,2017-01-01,mc145,,22.400782013685234,27.973118279569896,28.977768316302683,,,3.649071358748778,Frohnau,Stadtrand,52.65326944444444,13.296080555555555
8,2017-01-01,mc117,0.5182503506311361,55.08113391984359,139.03824535679374,,31.456638616175784,,54.95063538611926,Schildhornstraße,Verkehr,52.46361111111111,13.318249999999999
9,2017-01-01,mc282,,30.040689149560116,42.477639296187675,,,2.0355306217858806,8.132942326490713,Karlshorst,Hintergrund,52.485296,13.529504000000001
10,2017-01-01,mc115,,52.077696672191756,126.71202558544776,,,,48.866643291257596,Hardenbergplatz,Verkehr,52.5066,13.332972222222223
11,2017-01-01,mc220,,54.89773258532025,149.56878214118746,,37.061827956989255,,61.97744273024777,Karl-Marx-Straße,Verkehr,52.48166944444445,13.433966666666667
12,2017-01-01,mc085,,21.03081379817004,25.084351833299944,33.753447872837775,22.02150537634408,,2.672685834502104,Friedrichshagen,Stadtrand,52.44769722222222,13.64705
13,2017-01-01,mc077,,23.01536900780379,32.70887584878889,,22.751128205128204,,6.364716732542819,Buch,Stadtrand,52.64416666666666,13.483055555555556
14,2017-01-01,mc042,,36.930341280972414,53.65591397849463,22.164796633941087,28.056451612903224,,10.935483870967742,Neukölln,Hintergrund,52.48943888888889,13.430855555555555
15,2017-01-01,mc171,,35.113020102851806,48.568957456755506,,26.79178885630498,,8.8065100514259,Mitte,Hintergrund,52.51360555555556,13.418833333333334
16,2017-02-01,mc174,0.5589285714285713,45.19872835497835,105.77367424242426,,50.10578416149068,3.296130952380953,39.64786255411256,Frankfurter Allee,Verkehr,52.514072222222225,13.469930555555555
17,2017-02-01,mc171,,30.15278562017693,40.889198663655186,,38.83333333333333,,7.0462956427630346,Mitte,Hintergrund,52.51360555555556,13.418833333333334
18,2017-02-01,mc018,,34.26258116883117,50.69615800865801,,,,10.752976190476186,Schöneberg,Hintergrund,52.48581388888889,13.348775
19,2017-02-01,mc032,,22.01504917184265,27.410377846790887,39.04327491866312,31.525417775805973,,3.5388586956521744,Grunewald,Stadtrand,52.47319166666667,13.225144444444444
20,2017-02-01,mc143,,58.58833874458875,182.45535714285714,,51.19196428571428,,81.1444805194805,Silbersteinstraße,Verkehr,52.467511111111115,13.441650000000001
21,2017-02-01,mc124,,45.216550207039326,106.14635093167702,,46.10824275362318,,39.931094720496894,Mariendorfer Damm,Verkehr,52.43805555555555,13.3875
22,2017-02-01,mc117,0.574803547901374,51.91797830792397,116.59157961603611,,41.645021645021636,,42.33973273103707,Schildhornstraße,Verkehr,52.46361111111111,13.318249999999999
23,2017-02-01,mc042,,32.95270445134575,47.09478519668737,33.46247412008281,38.443664965986386,,9.243918219461701,Neukölln,Hintergrund,52.48943888888889,13.430855555555555
24,2017-02-01,mc115,,51.217803030303024,121.97819616977223,,,,46.47010869565217,Hardenbergplatz,Verkehr,52.5066,13.332972222222223
25,2017-02-01,mc085,,17.318993506493506,19.270021645021647,44.747153209109726,30.413690476190474,,1.3299512987012991,Friedrichshagen,Stadtrand,52.44769722222222,13.64705
26,2017-02-01,mc077,,19.586827122153206,26.194105260681344,,34.27232142857142,,4.33590367965368,Buch,Stadtrand,52.64416666666666,13.483055555555556
27,2017-02-01,mc027,,19.114583333333336,21.150162337662334,43.58501552795031,,,1.3766233766233764,Marienfelde,Stadtrand,52.398405555555556,13.368102777777779
28,2017-02-01,mc220,,50.53707298136646,125.3471790890269,,49.144345238095234,,49.03409679089027,Karl-Marx-Straße,Verkehr,52.48166944444445,13.433966666666667
29,2017-02-01,mc145,,16.888198757763977,20.322334368530022,41.83624482401657,,,2.2045160455486537,Frohnau,Stadtrand,52.65326944444444,13.296080555555555
30,2017-02-01,mc282,,24.559388528138538,34.24431818181818,,,2.991747835497836,6.333603896103897,Karlshorst,Hintergrund,52.485296,13.529504000000001
31,2017-02-01,mc010,,32.61919466403162,51.15549712968191,33.70231625258799,37.710633116883116,,12.145009881422924,Wedding,Hintergrund,52.543040999999995,13.349326000000001
32,2017-03-01,mc032,,13.6940637086149,15.706728930256281,53.05729100259255,14.983137829912021,,1.345026350461133,Grunewald,Stadtrand,52.47319166666667,13.225144444444444
33,2017-03-01,mc282,,25.26881720430108,34.4607771260997,,,1.3965106889370567,6.004276637341153,Karlshorst,Hintergrund,52.485296,13.529504000000001
34,2017-03-01,mc117,0.43226550214628756,54.443681201921024,113.50413319733094,,21.85019550342131,,38.674598367971434,Schildhornstraße,Verkehr,52.46361111111111,13.318249999999999
35,2017-03-01,mc042,,32.75242026556893,43.14073134672714,45.47593926643716,20.56492547830113,,6.809551890372366,Neukölln,Hintergrund,52.48943888888889,13.430855555555555
36,2017-03-01,mc027,,16.047053635938628,18.816439287687533,54.956011730205276,,,1.7781567427429983,Marienfelde,Stadtrand,52.398405555555556,13.368102777777779
37,2017-03-01,mc174,0.4032720260104552,48.077574482553445,97.8124814059246,,29.97656615240767,1.7967455055463475,32.574636618640824,Frankfurter Allee,Verkehr,52.514072222222225,13.469930555555555
38,2017-03-01,mc124,,57.992913000977516,145.43927174975562,,28.421676441837736,,57.242179863147605,Mariendorfer Damm,Verkehr,52.43805555555555,13.3875
39,2017-03-01,mc115,,52.03191593352882,109.95442326490715,,,,37.319159335288354,Hardenbergplatz,Verkehr,52.5066,13.332972222222223
40,2017-03-01,mc085,,14.316226783968721,17.005806664116623,54.60917909813423,15.874877810361681,,1.8027540481958437,Friedrichshagen,Stadtrand,52.44769722222222,13.64705
41,2017-03-01,mc010,,34.20533536122596,52.332435353332976,42.471202710333166,19.470650048875854,,11.851348943249365,Wedding,Hintergrund,52.543040999999995,13.349326000000001
42,2017-03-01,mc171,,32.254281949934125,43.28068553699689,,21.393360321305625,,7.228685877002848,Mitte,Hintergrund,52.51360555555556,13.418833333333334
43,2017-03-01,mc145,,13.758887968039438,15.563432360066303,51.629701644778784,,,1.170066726167708,Frohnau,Stadtrand,52.65326944444444,13.296080555555555
44,2017-03-01,mc143,,59.791544477028346,152.1162023460411,,30.205400782013683,,60.43499511241446,Silbersteinstraße,Verkehr,52.467511111111115,13.441650000000001
45,2017-03-01,mc220,,58.824183530354645,137.77446828533786,,29.345063538611928,,51.69929205903961,Karl-Marx-Straße,Verkehr,52.48166944444445,13.433966666666667
46,2017-03-01,mc018,,30.945614985762255,41.09359195035913,,,,6.636623953419185,Schöneberg,Hintergrund,52.48581388888889,13.348775
47,2017-03-01,mc077,,16.26582090186578,20.07211844957287,,17.67546432062561,,2.4509700794763916,Buch,Stadtrand,52.64416666666666,13.483055555555556
48,2017-04-01,mc010,,27.168478260869563,35.822524154589374,55.168236714975855,17.424879227053143,,5.68816425120773,Wedding,Hintergrund,52.543040999999995,13.349326000000001
49,2017-04-01,mc282,,18.84848484848485,23.77904040404041,,,1.8607323232323232,3.2390151515151517,Karlshorst,Hintergrund,52.485296,13.529504000000001
50,2017-04-01,mc117,0.3283333333333333,40.701388888888886,76.82584541062802,,19.294191919191917,,23.652838164251204,Schildhornstraße,Verkehr,52.46361111111111,13.318249999999999
51,2017-04-01,mc220,,47.489284145805875,100.8187307861221,,24.98724747474747,,34.916222002635045,Karl-Marx-Straße,Verkehr,52.48166944444445,13.433966666666667
52,2017-04-01,mc042,,23.52941919191919,28.966035353535354,59.71457856598015,18.505555555555556,,3.551136363636363,Neukölln,Hintergrund,52.48943888888889,13.430855555555555
53,2017-04-01,mc145,,8.219142512077294,9.114432367149758,65.59287439613527,,,0.5736714975845411,Frohnau,Stadtrand,52.65326944444444,13.296080555555555
54,2017-04-01,mc143,,40.354045893719814,83.13194444444443,,25.07083333333333,,28.032125603864735,Silbersteinstraße,Verkehr,52.467511111111115,13.441650000000001
55,2017-04-01,mc077,,9.821687370600413,12.292581090407177,,16.461111111111105,,1.6248964803312629,Buch,Stadtrand,52.64416666666666,13.483055555555556
56,2017-04-01,mc174,0.3143255784388508,38.59597288676236,70.66955077086656,,23.124537037037037,1.5074402491736585,21.015104997341837,Frankfurter Allee,Verkehr,52.514072222222225,13.469930555555555
57,2017-04-01,mc115,,37.88017676767677,70.41553030303028,,,,21.30909090909091,Hardenbergplatz,Verkehr,52.5066,13.332972222222223
58,2017-04-01,mc018,,20.397584541062805,24.051147342995172,,,,2.4362318840579715,Schöneberg,Hintergrund,52.48581388888889,13.348775
59,2017-04-01,mc171,,24.716287878787877,30.64785353535353,,18.89583333333333,,3.9165404040404037,Mitte,Hintergrund,52.51360555555556,13.418833333333334
60,2017-04-01,mc085,,11.90151515151515,13.593939393939394,64.4627415458937,14.373611111111108,,1.1030303030303028,Friedrichshagen,Stadtrand,52.44769722222222,13.64705
61,2017-04-01,mc032,,8.169202898550724,8.988043478260868,64.44347826086955,14.088888888888883,,0.5240338164251208,Grunewald,Stadtrand,52.47319166666667,13.225144444444444
62,2017-04-01,mc027,,11.268236714975844,12.821333678398899,65.29304692891648,,,0.9779503105590062,Marienfelde,Stadtrand,52.398405555555556,13.368102777777779
63,2017-04-01,mc124,,52.092929292929284,121.6574494949495,,24.37083333333333,,45.53282828282828,Mariendorfer Damm,Verkehr,52.43805555555555,13.3875
64,2017-05-01,mc027,,11.267595307917889,12.755742913000976,68.78800097751711,,,0.9334066471163243,Marienfelde,Stadtrand,52.398405555555556,13.368102777777779
65,2017-05-01,mc143,,49.11921458625527,102.29803646563816,,26.010752688172044,,34.81223702664797,Silbersteinstraße,Verkehr,52.467511111111115,13.441650000000001
66,2017-05-01,mc124,,43.920640486208505,90.97592332865823,,25.939516129032253,,30.786173445535294,Mariendorfer Damm,Verkehr,52.43805555555555,13.3875
67,2017-05-01,mc032,,9.675214965300356,10.09552520534494,65.48572803273395,16.94581294595732,,0.2869659594042896,Grunewald,Stadtrand,52.47319166666667,13.225144444444444
68,2017-05-01,mc282,,13.91035530621786,17.25052594670407,,,0.9986559139784944,2.15854371201496,Karlshorst,Hintergrund,52.485296,13.529504000000001
69,2017-05-01,mc042,,20.974814666399524,25.299285380351296,68.3576420890937,23.00494486567049,,2.826106992586656,Neukölln,Hintergrund,52.48943888888889,13.430855555555555
70,2017-05-01,mc145,,7.465229079008882,8.054990649836373,67.76356836244635,,,0.34864422627395986,Frohnau,Stadtrand,52.65326944444444,13.296080555555555
71,2017-05-01,mc117,0.3515471183405967,48.7198717948718,85.14548494983276,,22.35950854700855,,23.86091137123746,Schildhornstraße,Verkehr,52.46361111111111,13.318249999999999
72,2017-05-01,mc220,,45.12482468443198,84.18881486676018,,27.134408602150536,,25.613604488078547,Karl-Marx-Straße,Verkehr,52.48166944444445,13.433966666666667
73,2017-05-01,mc174,0.30916900420757365,37.39609630668537,64.98293595137915,,25.190918653576436,1.8454301075268815,17.876402524544183,Frankfurter Allee,Verkehr,52.514072222222225,13.469930555555555
74,2017-05-01,mc115,,47.54747864337625,90.63603425559948,,,,28.33542649496367,Hardenbergplatz,Verkehr,52.5066,13.332972222222223
75,2017-05-01,mc077,,8.446002805049089,10.186068256194481,,18.33333333333334,,1.1079943899018232,Buch,Stadtrand,52.64416666666666,13.483055555555556
76,2017-05-01,mc018,,20.13902524544179,23.00812295465171,,,,1.9117578307620382,Schöneberg,Hintergrund,52.48581388888889,13.348775
77,2017-05-01,mc171,,22.081850840284442,27.29491461824266,,22.848189020939444,,3.434382766172092,Mitte,Hintergrund,52.51360555555556,13.418833333333334
78,2017-05-01,mc085,,8.395353302611367,10.08141321044547,71.56195014662757,15.744623655913978,,1.0602918586789554,Friedrichshagen,Stadtrand,52.44769722222222,13.64705
79,2017-05-01,mc010,,24.003648233486945,30.05453149001536,64.85226741467977,19.853377746610562,,4.004416282642089,Wedding,Hintergrund,52.543040999999995,13.349326000000001
80,2017-06-01,mc143,,42.39468599033817,86.57506038647344,,20.655555555555555,,28.970531400966184,Silbersteinstraße,Verkehr,52.467511111111115,13.441650000000001
81,2017-06-01,mc077,,8.704594861660079,11.056916996047427,,18.643538647342996,,1.5526624945103202,Buch,Stadtrand,52.64416666666666,13.483055555555556
82,2017-06-01,mc117,0.31152777777777785,43.230176767676774,78.80505050505052,,17.66369289770319,,23.282196969696972,Schildhornstraße,Verkehr,52.46361111111111,13.318249999999999
83,2017-06-01,mc085,,8.152777777777777,8.991183574879225,66.72323232323234,12.183333333333334,,0.5142512077294685,Friedrichshagen,Stadtrand,52.44769722222222,13.64705
84,2017-06-01,mc010,,23.098539322995844,28.373037228472008,58.149516908212554,16.31057692307692,,3.4743631971892843,Wedding,Hintergrund,52.543040999999995,13.349326000000001
85,2017-06-01,mc115,,41.44076086956522,76.80670289855071,,,,23.188888888888886,Hardenbergplatz,Verkehr,52.5066,13.332972222222223
86,2017-06-01,mc042,,19.94661835748792,23.97047101449276,60.55138888888887,18.2125,,2.6828502415458932,Neukölln,Hintergrund,52.48943888888889,13.430855555555555
87,2017-06-01,mc124,,47.3870827843654,105.12643280632412,,21.868055555555554,,37.778173034694774,Mariendorfer Damm,Verkehr,52.43805555555555,13.3875
88,2017-06-01,mc032,,8.213762626262625,8.61868686868687,56.36727053140096,13.50138888888889,,0.3541666666666667,Grunewald,Stadtrand,52.47319166666667,13.225144444444444
89,2017-06-01,mc220,,47.201026570048306,98.68580917874394,,21.979166666666664,,33.808152173913044,Karl-Marx-Straße,Verkehr,52.48166944444445,13.433966666666667
90,2017-06-01,mc145,,7.388546698872786,8.083796296296295,60.08372584541063,,,0.4582528180354267,Frohnau,Stadtrand,52.65326944444444,13.296080555555555
91,2017-06-01,mc027,,8.30844630515683,9.238078149920257,64.33073035850497,,,0.6315124933545986,Marienfelde,Stadtrand,52.398405555555556,13.368102777777779
92,2017-06-01,mc174,0.29937801932367153,39.771969696969705,74.5931818181818,,21.01241216512956,1.4965140535792711,22.83131313131313,Frankfurter Allee,Verkehr,52.514072222222225,13.469930555555555
93,2017-06-01,mc018,,16.263466183574877,18.480615942028987,,,,1.4693840579710147,Schöneberg,Hintergrund,52.48581388888889,13.348775
94,2017-06-01,mc171,,21.940027605244996,26.912077294685993,,18.137499999999996,,3.298969979296067,Mitte,Hintergrund,52.51360555555556,13.418833333333334
95,2017-06-01,mc282,,13.879166666666665,17.251630434782605,,,0.45230566534914346,2.019830917874396,Karlshorst,Hintergrund,52.485296,13.529504000000001
96,2017-07-01,mc145,,7.2534090909090905,8.078093434343435,47.618297101449265,,,0.5339015151515151,Frohnau,Stadtrand,52.65326944444444,13.296080555555555
97,2017-07-01,mc117,0.30340696587190275,41.84461196820944,78.45599579242638,,19.426363636363636,,23.96224871435251,Schildhornstraße,Verkehr,52.46361111111111,13.318249999999999
98,2017-07-01,mc042,,20.205352968676955,24.85226741467976,51.590229079008886,18.294179523141658,,3.0607760635811125,Neukölln,Hintergrund,52.48943888888889,13.430855555555555
99,2017-07-01,mc027,,8.169413277232353,9.202547919588593,54.113136979897156,,,0.6637447405329595,Marienfelde,Stadtrand,52.398405555555556,13.368102777777779
100,2017-07-01,mc124,,48.136161757830756,115.59572230014028,,22.06121794871795,,44.162283777466094,Mariendorfer Damm,Verkehr,52.43805555555555,13.3875
101,2017-07-01,mc115,,42.28421309872923,82.34699732245315,,,,26.27962301840283,Hardenbergplatz,Verkehr,52.5066,13.332972222222223
102,2017-07-01,mc174,0.2974871435250116,36.46700879765396,67.66458944281524,,21.725495189586873,1.344787283777466,20.43957456755493,Frankfurter Allee,Verkehr,52.514072222222225,13.469930555555555
103,2017-07-01,mc032,,6.62133431085044,6.9749511241446704,46.738662926601215,14.564516129032256,,0.2432795698924731,Grunewald,Stadtrand,52.47319166666667,13.225144444444444
104,2017-07-01,mc010,,22.532725572697515,28.371493688639557,49.340287517531564,16.638440860215052,,3.841690042075736,Wedding,Hintergrund,52.543040999999995,13.349326000000001
105,2017-07-01,mc220,,50.27092099111736,109.25783076203834,,24.03401122019635,,38.60540184453228,Karl-Marx-Straße,Verkehr,52.48166944444445,13.433966666666667
106,2017-07-01,mc171,,22.354254324450675,28.296517064048626,,17.30779569892474,,3.8529686769518467,Mitte,Hintergrund,52.51360555555556,13.418833333333334
107,2017-07-01,mc085,,8.133941093969144,9.313639551192146,58.19512622720897,12.28494623655914,,0.7983870967741936,Friedrichshagen,Stadtrand,52.44769722222222,13.64705
108,2017-07-01,mc018,,16.49888966806919,19.74076671341748,,,,2.1372720897615705,Schöneberg,Hintergrund,52.48581388888889,13.348775
109,2017-07-01,mc282,,13.924848059841047,17.423753665689148,,,0.35086489013557737,2.2912575970079474,Karlshorst,Hintergrund,52.485296,13.529504000000001
110,2017-07-01,mc143,,43.26022674146797,93.75114372537233,,23.43069191210847,,33.076304013891665,Silbersteinstraße,Verkehr,52.467511111111115,13.441650000000001
111,2017-07-01,mc077,,8.97447704719069,10.668942314557006,,15.62666583374979,,1.0773988005997,Buch,Stadtrand,52.64416666666666,13.483055555555556
112,2017-08-01,mc145,,8.175783076203835,9.015369331463301,48.06773024777933,,,0.6169354838709677,Frohnau,Stadtrand,52.65326944444444,13.296080555555555
113,2017-08-01,mc117,0.3397732585320243,44.42729716520039,82.65347549832121,,20.337746330203636,,25.018030940541458,Schildhornstraße,Verkehr,52.46361111111111,13.318249999999999
114,2017-08-01,mc171,,24.61033193080879,31.784186535764373,,18.288277232351565,,4.682854137447406,Mitte,Hintergrund,52.51360555555556,13.418833333333334
115,2017-08-01,mc010,,25.565008682294796,32.63476758164696,50.68511198945982,16.43548387096774,,4.6285897949642685,Wedding,Hintergrund,52.543040999999995,13.349326000000001
116,2017-08-01,mc077,,10.487903225806452,12.739247311827956,,14.489247311827958,,1.4246143057503506,Buch,Stadtrand,52.64416666666666,13.483055555555556
117,2017-08-01,mc027,,9.567000651678072,11.193426197458455,56.88082437275985,,,1.0459025741283807,Marienfelde,Stadtrand,52.398405555555556,13.368102777777779
118,2017-08-01,mc042,,21.20482702197288,27.928471248246847,54.703461685579505,19.650537634408604,,4.422744273024779,Neukölln,Hintergrund,52.48943888888889,13.430855555555555
119,2017-08-01,mc220,,47.257830762038346,96.40766713417486,,24.060483870967747,,32.19565217391305,Karl-Marx-Straße,Verkehr,52.48166944444445,13.433966666666667
120,2017-08-01,mc085,,8.974403927068725,10.245208041140721,62.206941433975096,12.645161290322585,,0.8752921926133708,Friedrichshagen,Stadtrand,52.44769722222222,13.64705
121,2017-08-01,mc124,,44.59233286582516,98.11728611500703,,21.555299539170512,,35.02775829827023,Mariendorfer Damm,Verkehr,52.43805555555555,13.3875
122,2017-08-01,mc115,,46.789855072463766,88.69115240766713,,,,27.51998597475456,Hardenbergplatz,Verkehr,52.5066,13.332972222222223
123,2017-08-01,mc143,,47.00802201538527,99.22221513876492,,25.11827956989248,,34.19226273959795,Silbersteinstraße,Verkehr,52.467511111111115,13.441650000000001
124,2017-08-01,mc174,0.3438814866760168,41.66368630201029,76.09917017297802,,23.215053763440864,1.7005025712949973,22.553588125292194,Frankfurter Allee,Verkehr,52.514072222222225,13.469930555555555
125,2017-08-01,mc018,,20.27969739470441,25.121950571635,,,,3.2230810914191,Schöneberg,Hintergrund,52.48581388888889,13.348775
126,2017-08-01,mc282,,14.695476858345023,19.20669705469846,,,0.4132453567937439,2.9634174848059844,Karlshorst,Hintergrund,52.485296,13.529504000000001
127,2017-08-01,mc032,,8.45252666921671,9.912214713757491,46.340011262697104,13.370324918186073,,0.9128469123209655,Grunewald,Stadtrand,52.47319166666667,13.225144444444444
128,2017-09-01,mc115,,44.11338383838384,95.05719696969696,,,,33.40757575757576,Hardenbergplatz,Verkehr,52.5066,13.332972222222223
129,2017-09-01,mc220,,45.062258454106285,104.24269323671498,,25.447222222222226,,38.77771739130435,Karl-Marx-Straße,Verkehr,52.48166944444445,13.433966666666667
130,2017-09-01,mc174,0.3829951690821256,39.29103535353535,81.56527777777778,,26.115277777777784,1.6895037329819937,27.681818181818183,Frankfurter Allee,Verkehr,52.514072222222225,13.469930555555555
131,2017-09-01,mc010,,26.818007415290023,39.67405155231243,32.051978818283175,19.248290598290602,,8.391511266511268,Wedding,Hintergrund,52.543040999999995,13.349326000000001
132,2017-09-01,mc077,,11.853711023276244,15.68935551163812,,17.827777777777783,,2.4897342995169085,Buch,Stadtrand,52.64416666666666,13.483055555555556
133,2017-09-01,mc018,,23.57530193236715,33.28466183574879,,,,6.355615942028985,Schöneberg,Hintergrund,52.48581388888889,13.348775
134,2017-09-01,mc085,,11.026932367149756,13.645471014492758,43.37916666666667,14.85972222222222,,1.728864734299517,Friedrichshagen,Stadtrand,52.44769722222222,13.64705
135,2017-09-01,mc042,,24.19935331576636,32.97980346947738,36.10228260869566,22.153333333333332,,5.746368028107157,Neukölln,Hintergrund,52.48943888888889,13.430855555555555
136,2017-09-01,mc171,,26.143885281385284,38.07004569504569,,21.661647992530344,,7.809872534872535,Mitte,Hintergrund,52.51360555555556,13.418833333333334
137,2017-09-01,mc282,,17.57041062801932,24.83188405797102,,,0.7551932367149757,4.755012077294685,Karlshorst,Hintergrund,52.485296,13.529504000000001
138,2017-09-01,mc117,0.3968055555555556,42.83900103519668,93.51715838509317,,23.124007936507937,,33.191295721187025,Schildhornstraße,Verkehr,52.46361111111111,13.318249999999999
139,2017-09-01,mc143,,48.14267676767677,124.4026515151515,,28.047222222222217,,49.917171717171726,Silbersteinstraße,Verkehr,52.467511111111115,13.441650000000001
140,2017-09-01,mc145,,9.890036231884057,11.498188405797103,34.61757246376812,,,1.0797101449275361,Frohnau,Stadtrand,52.65326944444444,13.296080555555555
141,2017-09-01,mc124,,44.55559868875087,116.59379744651483,,24.00436507936508,,47.16786576949621,Mariendorfer Damm,Verkehr,52.43805555555555,13.3875
142,2017-09-01,mc027,,11.517560386473432,14.232608695652173,38.490012077294686,,,1.7541666666666669,Marienfelde,Stadtrand,52.398405555555556,13.368102777777779
143,2017-09-01,mc032,,10.33115079365079,12.059722222222224,32.44090909090908,14.945833333333333,,1.1472222222222221,Grunewald,Stadtrand,52.47319166666667,13.225144444444444
144,2017-10-01,mc174,0.4113955119214587,40.96744974287051,96.80271154745208,,27.18682795698924,1.285413744740533,36.54727676484338,Frankfurter Allee,Verkehr,52.514072222222225,13.469930555555555
145,2017-10-01,mc085,,13.196236559139782,15.598729227761487,37.41666666666666,14.133064516129034,,1.5690371456500487,Friedrichshagen,Stadtrand,52.44769722222222,13.64705
146,2017-10-01,mc117,0.3833333333333333,37.60413744740533,92.94921692379616,,22.162634408602152,,36.232819074333804,Schildhornstraße,Verkehr,52.46361111111111,13.318249999999999
147,2017-10-01,mc018,,21.980247779336135,33.36196820944366,,,,7.464703132304815,Schöneberg,Hintergrund,52.48581388888889,13.348775
148,2017-10-01,mc145,,10.631708742402994,13.176683029453013,32.67630902290791,,,1.663569424964937,Frohnau,Stadtrand,52.65326944444444,13.296080555555555
149,2017-10-01,mc220,,48.443139317438046,142.44787283777464,,23.5241935483871,,61.58467741935484,Karl-Marx-Straße,Verkehr,52.48166944444445,13.433966666666667
150,2017-10-01,mc143,,44.746738067916176,135.1880179778146,,26.130376344086027,,59.2400973267032,Silbersteinstraße,Verkehr,52.467511111111115,13.441650000000001
151,2017-10-01,mc077,,14.306059731045293,18.962176034509174,,17.43441086111864,,3.0666783543712017,Buch,Stadtrand,52.64416666666666,13.483055555555556
152,2017-10-01,mc282,,20.031280547409576,32.03763440860215,,,0.6147360703812319,7.8484848484848495,Karlshorst,Hintergrund,52.485296,13.529504000000001
153,2017-10-01,mc032,,9.60951379149135,13.318723702664796,32.91543945769052,15.896505376344086,,2.4287050023375403,Grunewald,Stadtrand,52.47319166666667,13.225144444444444
154,2017-10-01,mc027,,11.472300140252454,14.4023492286115,36.46861851332399,,,1.9790205703599808,Marienfelde,Stadtrand,52.398405555555556,13.368102777777779
155,2017-10-01,mc010,,29.22378603164017,46.5463777106484,26.60153468551085,16.17059553349876,,11.334265897730136,Wedding,Hintergrund,52.543040999999995,13.349326000000001
156,2017-10-01,mc115,,38.68676420587361,86.56287985039735,,,,31.334268349696114,Hardenbergplatz,Verkehr,52.5066,13.332972222222223
157,2017-10-01,mc171,,29.056329423264906,46.45894428152493,,21.13037634408602,,11.401148582600197,Mitte,Hintergrund,52.51360555555556,13.418833333333334
158,2017-10-01,mc042,,25.74123422159888,39.43039971949509,28.61722767648434,20.094086021505376,,8.978377746610565,Neukölln,Hintergrund,52.48943888888889,13.430855555555555
159,2017-10-01,mc124,,41.589565004887596,121.7677174975562,,23.00940860215053,,52.472385141739984,Mariendorfer Damm,Verkehr,52.43805555555555,13.3875
160,2017-11-01,mc124,,45.374818840579714,141.27964975845407,,24.69722222222222,,62.761654589371965,Mariendorfer Damm,Verkehr,52.43805555555555,13.3875
161,2017-11-01,mc010,,30.615943074638732,48.67723743647655,20.719325396825397,18.168198005698006,,11.83629593031767,Wedding,Hintergrund,52.543040999999995,13.349326000000001
162,2017-11-01,mc143,,49.5036231884058,157.58742753623184,,27.940277777777773,,70.80788647342993,Silbersteinstraße,Verkehr,52.467511111111115,13.441650000000001
163,2017-11-01,mc117,0.41210462751080607,43.10002415458937,112.59022946859903,,22.981283371472156,,45.52269323671498,Schildhornstraße,Verkehr,52.46361111111111,13.318249999999999
164,2017-11-01,mc171,,29.53547979797979,43.54684343434344,,21.293055555555558,,9.179797979797979,Mitte,Hintergrund,52.51360555555556,13.418833333333334
165,2017-11-01,mc145,,14.976570048309181,18.230495169082126,27.796678743961355,,,2.108816425120773,Frohnau,Stadtrand,52.65326944444444,13.296080555555555
166,2017-11-01,mc018,,27.65132301273606,40.42913921826966,,,,8.346129776021082,Schöneberg,Hintergrund,52.48581388888889,13.348775
167,2017-11-01,mc220,,50.54085621662853,155.7278159166031,,24.94074074074074,,68.85808543096873,Karl-Marx-Straße,Verkehr,52.48166944444445,13.433966666666667
168,2017-11-01,mc174,0.4065260524499656,41.75614514712341,96.42850570926659,,26.317946859903376,1.4329106280193238,35.7911682037769,Frankfurter Allee,Verkehr,52.514072222222225,13.469930555555555
169,2017-11-01,mc077,,19.76544685990338,26.514178743961352,6.611111111111112,16.803611111111106,,4.43201690821256,Buch,Stadtrand,52.64416666666666,13.483055555555556
170,2017-11-01,mc027,,15.424621212121213,18.245707070707066,28.980434782608693,,,1.8871212121212124,Marienfelde,Stadtrand,52.398405555555556,13.368102777777779
171,2017-11-01,mc085,,16.494966748227615,18.856669960474306,30.36232825145869,16.600301039956214,,1.588574016563147,Friedrichshagen,Stadtrand,52.44769722222222,13.64705
172,2017-11-01,mc042,,30.053379531096933,44.73283298826777,21.08491858383162,20.131697612732093,,9.61557856394813,Neukölln,Hintergrund,52.48943888888889,13.430855555555555
173,2017-11-01,mc115,,44.25181159420289,102.92977053140096,,,,38.41316425120772,Hardenbergplatz,Verkehr,52.5066,13.332972222222223
174,2017-11-01,mc032,,14.208514492753624,17.750603864734295,28.538647342995166,15.429166666666667,,2.319685990338164,Grunewald,Stadtrand,52.47319166666667,13.225144444444444
175,2017-11-01,mc282,,25.115760869565214,39.785893719806765,,,1.2209178743961353,9.60925120772947,Karlshorst,Hintergrund,52.485296,13.529504000000001
176,2017-12-01,mc282,,23.576963534361855,34.47060542309491,,,1.6678938756428237,7.146388499298738,Karlshorst,Hintergrund,52.485296,13.529504000000001
177,2017-12-01,mc171,,27.333859280037412,37.89095371669004,,16.697580645161292,,6.916491351098645,Mitte,Hintergrund,52.51360555555556,13.418833333333334
178,2017-12-01,mc145,,14.672933755507385,17.784873631121872,33.32306940371456,,,2.0787751285647498,Frohnau,Stadtrand,52.65326944444444,13.296080555555555
179,2017-12-01,mc085,,15.602734922861147,19.515544647031327,33.86155913978495,13.91935483870968,,2.58216456287985,Friedrichshagen,Stadtrand,52.44769722222222,13.64705
180,2017-12-01,mc115,,38.78873411534702,84.23243960340733,,,,29.7796571707862,Hardenbergplatz,Verkehr,52.5066,13.332972222222223
181,2017-12-01,mw088,0.29782529239766076,41.91143558005685,102.59884735306647,25.243029448621552,18.416341780376868,,39.71033004943188,Messwagen Leipziger Str.,Verkehr,52.510222222222225,13.38811111111111
182,2017-12-01,mc143,,43.88277232351567,123.04733520336603,,22.32930107526882,,51.87383122954651,Silbersteinstraße,Verkehr,52.467511111111115,13.441650000000001
183,2017-12-01,mc124,,43.360703812316714,130.08040078201367,,20.6989247311828,,56.762829912023456,Mariendorfer Damm,Verkehr,52.43805555555555,13.3875
184,2017-12-01,mc220,,47.71365123889668,143.40470270729736,,20.247311827956995,,62.63701708529899,Karl-Marx-Straße,Verkehr,52.48166944444445,13.433966666666667
185,2017-12-01,mc174,0.3779999261829189,39.21226398106704,90.77375237948243,,21.694381904972804,1.6273400014763422,33.71362092915574,Frankfurter Allee,Verkehr,52.514072222222225,13.469930555555555
186,2017-12-01,mc117,0.37094872285264996,39.111820974724196,99.47306591258203,,18.192612611792132,,39.57519899455383,Schildhornstraße,Verkehr,52.46361111111111,13.318249999999999
187,2017-12-01,mc027,,14.146313364055299,17.27112135176651,34.44815668202766,,,2.140360983102919,Marienfelde,Stadtrand,52.398405555555556,13.368102777777779
188,2017-12-01,mc018,,25.113896680691912,34.62687003272556,,,,6.234630668536699,Schöneberg,Hintergrund,52.48581388888889,13.348775
189,2017-12-01,mc077,,17.48946937821412,23.952138849929874,29.905142589995325,13.134139784946235,,4.219086021505376,Buch,Stadtrand,52.64416666666666,13.483055555555556
190,2017-12-01,mc032,,12.21195120914616,14.914833822091886,35.185483870967744,11.752199413489736,,1.7044232649071358,Grunewald,Stadtrand,52.47319166666667,13.225144444444444
191,2017-12-01,mc010,,29.72086574015045,45.5329433890093,25.412050023375414,15.355423094904161,,10.3338592800374,Wedding,Hintergrund,52.543040999999995,13.349326000000001
192,2017-12-01,mc042,,28.028576437587656,39.8015427769986,27.28938756428237,16.845430107526884,,7.700327255726977,Neukölln,Hintergrund,52.48943888888889,13.430855555555555
193,2018-01-01,mc077,,16.2877512856475,19.276472650771392,33.734805984104725,16.661290322580644,,1.958625525946704,Buch,Stadtrand,52.64416666666666,13.483055555555556
194,2018-01-01,mc143,,48.796692379616644,149.1979312762974,,26.478494623655916,,65.73422159887797,Silbersteinstraße,Verkehr,52.467511111111115,13.441650000000001
195,2018-01-01,mc282,,21.306695992179858,27.955522971651998,,,1.4249755620723359,4.358015640273704,Karlshorst,Hintergrund,52.485296,13.529504000000001
196,2018-01-01,mc010,,27.980083088954053,42.76417399804496,29.27390135577373,18.21639784946237,,9.670332355816228,Wedding,Hintergrund,52.543040999999995,13.349326000000001
197,2018-01-01,mc171,,25.264317438055166,34.13563581112668,,19.68811360448808,,5.809724170172979,Mitte,Hintergrund,52.51360555555556,13.418833333333334
198,2018-01-01,mw088,0.3847417017297802,46.03262463343109,126.30217497556207,22.109163160355312,22.1263440860215,,52.53384652981428,Messwagen Leipziger Str.,Verkehr,52.510222222222225,13.38811111111111
199,2018-01-01,mc174,0.40767943409247753,38.88811405985319,87.65877721312505,,25.297334368530024,1.455869251521425,31.937128270280443,Frankfurter Allee,Verkehr,52.514072222222225,13.469930555555555
200,2018-01-01,mc042,,26.250759700794756,36.73007246376813,30.700853202431045,20.168132942326483,,6.871026180458159,Neukölln,Hintergrund,52.48943888888889,13.430855555555555
201,2018-01-01,mc085,,13.293361383824218,15.405738662926598,38.74655212716223,17.02033660589061,,1.4109396914446,Friedrichshagen,Stadtrand,52.44769722222222,13.64705
202,2018-01-01,mc115,,41.90456989247311,98.36535764375876,,,,36.99158485273492,Hardenbergplatz,Verkehr,52.5066,13.332972222222223
203,2018-01-01,mc145,,13.157497131199797,15.96462875600323,37.1604721832632,,,1.8355327468230698,Frohnau,Stadtrand,52.65326944444444,13.296080555555555
204,2018-01-01,mc027,,13.90982404692082,18.288000977517104,37.25026031705555,,,2.855938416422288,Marienfelde,Stadtrand,52.398405555555556,13.368102777777779
205,2018-01-01,mc018,,26.889083683964465,39.504382889200556,,,,8.256428237494156,Schöneberg,Hintergrund,52.48581388888889,13.348775
206,2018-01-01,mc124,,39.734970674486796,107.81366080156403,,22.588709677419356,,44.58712121212122,Mariendorfer Damm,Verkehr,52.43805555555555,13.3875
207,2018-01-01,mc032,,14.042075736325385,18.698574100046752,36.84543010752688,14.810483870967742,,2.994623655913979,Grunewald,Stadtrand,52.47319166666667,13.225144444444444
208,2018-01-01,mc220,,44.46175464320625,120.68108504398825,,25.62903225806451,,49.905058651026394,Karl-Marx-Straße,Verkehr,52.48166944444445,13.433966666666667
209,2018-01-01,mc117,0.40865474520804107,42.05861383824217,104.20389200561011,,23.096774193548388,,40.70120383356708,Schildhornstraße,Verkehr,52.46361111111111,13.318249999999999
210,2018-02-01,mc085,,15.116168898389398,17.459021503858462,45.5743367010836,24.51240723562152,,1.5458662714097493,Friedrichshagen,Stadtrand,52.44769722222222,13.64705
211,2018-02-01,mc018,,34.455627705627705,46.19385822510822,,,,7.707251082251081,Schöneberg,Hintergrund,52.48581388888889,13.348775
212,2018-02-01,mc117,0.4416666666666668,50.223020186335404,106.5381728778468,,32.171195652173914,,36.85060817805383,Schildhornstraße,Verkehr,52.46361111111111,13.318249999999999
213,2018-02-01,mc010,,31.01398691887822,43.6990577357425,35.09801430453605,25.38622835497835,,8.306535855448896,Wedding,Hintergrund,52.543040999999995,13.349326000000001
214,2018-02-01,mc220,,46.042637163561075,103.70231625258798,,36.42003105590062,,37.71784420289856,Karl-Marx-Straße,Verkehr,52.48166944444445,13.433966666666667
215,2018-02-01,mc032,,21.112254140786746,25.292766563146994,39.311011904761905,21.26190476190476,,2.7297489648033126,Grunewald,Stadtrand,52.47319166666667,13.225144444444444
216,2018-02-01,mc171,,27.816899585921323,34.83229813664596,,26.14880952380952,,4.607725155279503,Mitte,Hintergrund,52.51360555555556,13.418833333333334
217,2018-02-01,mc042,,31.393180641821942,41.48130175983437,36.98278985507246,28.836309523809522,,6.568258281573499,Neukölln,Hintergrund,52.48943888888889,13.430855555555555
218,2018-02-01,mc124,,46.89912125917561,109.57154620741582,,34.202380952380956,,41.036455392433645,Mariendorfer Damm,Verkehr,52.43805555555555,13.3875
219,2018-02-01,mc115,,51.793219461697724,119.4044384057971,,,,44.34297360248446,Hardenbergplatz,Verkehr,52.5066,13.332972222222223
220,2018-02-01,mc282,,25.486218944099384,36.30971790890269,,,1.5894209956709955,7.085662525879916,Karlshorst,Hintergrund,52.485296,13.529504000000001
221,2018-02-01,mc174,0.41300465838509315,40.29884834368529,83.15618530020704,,36.605654761904766,2.426489271597967,28.065411490683225,Frankfurter Allee,Verkehr,52.514072222222225,13.469930555555555
222,2018-02-01,mc077,,20.080874741200827,24.73628364389234,35.591356107660445,23.729166666666668,,3.038496376811594,Buch,Stadtrand,52.64416666666666,13.483055555555556
223,2018-02-01,mc145,,15.808741530208922,17.948657773386035,42.09374999999999,,,1.404814840956145,Frohnau,Stadtrand,52.65326944444444,13.296080555555555
224,2018-02-01,mw088,0.4094073498964804,60.600802277432706,150.38586956521743,22.75291149068323,34.63095238095238,,58.77471532091098,Messwagen Leipziger Str.,Verkehr,52.510222222222225,13.38811111111111
225,2018-02-01,mc027,,22.00459368530021,25.975284679089025,40.773615424430645,,,2.6055253623188404,Marienfelde,Stadtrand,52.398405555555556,13.368102777777779
226,2018-02-01,mc143,,58.82815734989647,167.9565217391304,,37.796130952380956,,71.44215838509317,Silbersteinstraße,Verkehr,52.467511111111115,13.441650000000001
227,2018-03-01,mc171,,26.77699328488249,33.71347061073569,,27.03938756428238,,4.53578562624846,Mitte,Hintergrund,52.51360555555556,13.418833333333334
228,2018-03-01,mc145,,12.925852139912449,14.856145607548129,51.588125292192615,,,1.2535488121042122,Frohnau,Stadtrand,52.65326944444444,13.296080555555555
229,2018-03-01,mc115,,49.35948191593352,102.62129181010668,,,,34.936854519954096,Hardenbergplatz,Verkehr,52.5066,13.332972222222223
230,2018-03-01,mc282,,22.67975689574567,31.124144672531774,,,1.4109768795953932,5.531317735560373,Karlshorst,Hintergrund,52.485296,13.529504000000001
231,2018-03-01,mc124,,43.07715478770879,98.36205852352415,,33.73435972629521,,36.18347039823197,Mariendorfer Damm,Verkehr,52.43805555555555,13.3875
232,2018-03-01,mw088,0.4157385566747419,56.408910280929916,129.4727038973182,30.694998724977687,33.4430596285435,,47.812890475583316,Messwagen Leipziger Str.,Verkehr,52.510222222222225,13.38811111111111
233,2018-03-01,mc027,,18.511978088336782,20.903877282138147,49.73818581780538,,,1.5041215728715733,Marienfelde,Stadtrand,52.398405555555556,13.368102777777779
234,2018-03-01,mc032,,18.135540184453227,20.46101619278338,48.47394704407328,23.29210654936461,,1.5634164222873896,Grunewald,Stadtrand,52.47319166666667,13.225144444444444
235,2018-03-01,mc010,,29.71506970121977,39.933215393769395,44.5592725997705,27.651148582600193,,6.708030515534022,Wedding,Hintergrund,52.543040999999995,13.349326000000001
236,2018-03-01,mc042,,28.715616898295714,37.650303880317914,44.55697224701432,29.424757745760548,,5.846710442432743,Neukölln,Hintergrund,52.48943888888889,13.430855555555555
237,2018-03-01,mc085,,14.74583492711122,16.824466615665774,54.149884185473255,26.6091472225764,,1.366467975689574,Friedrichshagen,Stadtrand,52.44769722222222,13.64705
238,2018-03-01,mc143,,56.59509541416974,147.26727655233967,,40.5327468230694,,59.367132049810884,Silbersteinstraße,Verkehr,52.467511111111115,13.441650000000001
239,2018-03-01,mc077,,15.433141017467804,18.904585830252024,47.9950486633516,25.599616430787542,,2.278401122019635,Buch,Stadtrand,52.64416666666666,13.483055555555556
240,2018-03-01,mc018,,31.481671554252202,39.5300586510264,,,,5.275293255131967,Schöneberg,Hintergrund,52.48581388888889,13.348775
241,2018-03-01,mc174,0.4398826979472141,41.79814271749755,83.31622678396872,,35.93853861192571,2.052164350376131,27.169965786901273,Frankfurter Allee,Verkehr,52.514072222222225,13.469930555555555
242,2018-03-01,mc220,,47.15799120234605,104.6421065493646,,35.589320625610945,,37.63807429130011,Karl-Marx-Straße,Verkehr,52.48166944444445,13.433966666666667
243,2018-03-01,mc117,0.43715786901270776,47.09506353861192,91.61436950146627,,34.18275319818097,,29.11937927663734,Schildhornstraße,Verkehr,52.46361111111111,13.318249999999999
244,2018-04-01,mw088,0.3423490338164252,51.12462121212122,99.28611111111111,50.95537439613527,28.46962560386473,,31.511616161616168,Messwagen Leipziger Str.,Verkehr,52.510222222222225,13.38811111111111
245,2018-04-01,mc117,0.3726388888888889,46.1375,82.71174242424242,,28.179166666666664,,23.925252525252525,Schildhornstraße,Verkehr,52.46361111111111,13.318249999999999
246,2018-04-01,mc115,,47.07554347826088,86.02071256038649,,,,25.56425120772947,Hardenbergplatz,Verkehr,52.5066,13.332972222222223
247,2018-04-01,mc077,,12.504924242424243,15.082070707070708,66.0186507936508,21.9375,,1.638888888888889,Buch,Stadtrand,52.64416666666666,13.483055555555556
248,2018-04-01,mc174,0.35733695652173914,40.64045893719806,70.18701690821258,,30.315530303030304,1.5413647342995167,19.307669082125607,Frankfurter Allee,Verkehr,52.514072222222225,13.469930555555555
249,2018-04-01,mc018,,24.21545893719806,29.0743961352657,,,,3.218840579710145,Schöneberg,Hintergrund,52.48581388888889,13.348775
250,2018-04-01,mc027,,11.298731884057974,12.735024154589373,69.5871376811594,,,0.9443236714975846,Marienfelde,Stadtrand,52.398405555555556,13.368102777777779
251,2018-04-01,mc032,,12.043823326432024,13.121350931677021,66.78912180814353,19.64444444444445,,0.7195393374741201,Grunewald,Stadtrand,52.47319166666667,13.225144444444444
252,2018-04-01,mc124,,45.27131642512078,94.64106280193234,,29.859722222222217,,32.28967391304347,Mariendorfer Damm,Verkehr,52.43805555555555,13.3875
253,2018-04-01,mc220,,51.29311594202898,100.64275362318838,,33.38055555555556,,32.31038647342995,Karl-Marx-Straße,Verkehr,52.48166944444445,13.433966666666667
254,2018-04-01,mc282,,18.843055555555555,23.97294685990338,,,1.181439393939394,3.365700483091787,Karlshorst,Hintergrund,52.485296,13.529504000000001
255,2018-04-01,mc143,,53.68449400840704,114.20911129932867,,33.72731193926845,,39.65639861346382,Silbersteinstraße,Verkehr,52.467511111111115,13.441650000000001
256,2018-04-01,mc085,,10.404166666666667,12.086111111111109,72.08339371980675,19.363888888888894,,1.090530303030303,Friedrichshagen,Stadtrand,52.44769722222222,13.64705
257,2018-04-01,mc145,,9.607971014492751,10.814432367149756,67.15615942028987,,,0.7646739130434781,Frohnau,Stadtrand,52.65326944444444,13.296080555555555
258,2018-04-01,mc042,,24.235748792270535,29.45555555555556,65.53327294685988,25.952777777777776,,3.4182367149758455,Neukölln,Hintergrund,52.48943888888889,13.430855555555555
259,2018-04-01,mc171,,26.002596618357483,33.17427536231884,,24.268055555555563,,4.727294685990338,Mitte,Hintergrund,52.51360555555556,13.418833333333334
260,2018-04-01,mc010,,28.140782828282838,38.28068181818181,63.218719806763275,24.221316425120772,,6.671085858585859,Wedding,Hintergrund,52.543040999999995,13.349326000000001
261,2018-05-01,mc282,,11.22702834799609,13.185606060606059,,,1.0211069318713077,1.3236803519061584,Karlshorst,Hintergrund,52.485296,13.529504000000001
262,2018-05-01,mc117,0.286021505376344,37.74425708699901,58.490469208211145,,28.420698924731187,,13.601783968719454,Schildhornstraße,Verkehr,52.46361111111111,13.318249999999999
263,2018-05-01,mc085,,6.901881720430106,7.6569658719027585,84.49994156147734,19.437980030721967,,0.5094670406732118,Friedrichshagen,Stadtrand,52.44769722222222,13.64705
264,2018-05-01,mc077,,8.043132942326492,8.834066471163247,76.45804114071997,18.82538569424965,,0.4563782991202346,Buch,Stadtrand,52.64416666666666,13.483055555555556
265,2018-05-01,mc145,,6.543940456457988,7.043255131964809,80.19594436652643,,,0.3192496493688639,Frohnau,Stadtrand,52.65326944444444,13.296080555555555
266,2018-05-01,mc174,0.2686079943899018,28.716593352883677,43.351319648093835,,25.497604020570364,1.2132772323515661,9.584506353861192,Frankfurter Allee,Verkehr,52.514072222222225,13.469930555555555
267,2018-05-01,mc018,,17.56378299120234,19.744134897360706,,,,1.4649315738025412,Schöneberg,Hintergrund,52.48581388888889,13.348775
268,2018-05-01,mc220,,32.43829423264907,51.65267860937566,,29.36033724340176,,12.599191423349906,Karl-Marx-Straße,Verkehr,52.48166944444445,13.433966666666667
269,2018-05-01,mc032,,10.290790088826554,10.841806919121085,75.58754090696587,19.833333333333332,,0.3746493688639552,Grunewald,Stadtrand,52.47319166666667,13.225144444444444
270,2018-05-01,mc010,,18.468676951846653,21.307094436652644,81.25444132772326,21.88575268817204,,1.8826554464703134,Wedding,Hintergrund,52.543040999999995,13.349326000000001
271,2018-05-01,mw088,0.29491584852734914,50.00623167155426,84.55070869990224,62.61339198435973,25.473118279569892,,22.59274193548387,Messwagen Leipziger Str.,Verkehr,52.510222222222225,13.38811111111111
272,2018-05-01,mc027,,9.411348761103318,10.129441327723232,83.31048387096774,,,0.47335203366058914,Marienfelde,Stadtrand,52.398405555555556,13.368102777777779
273,2018-05-01,mc042,,14.486208508648899,16.56030855539972,84.98492286115008,26.118479221927497,,1.3719611968209444,Neukölln,Hintergrund,52.48943888888889,13.430855555555555
274,2018-05-01,mc124,,29.458391771856007,51.74526647966338,,25.184139784946236,,14.61062412342216,Mariendorfer Damm,Verkehr,52.43805555555555,13.3875
275,2018-05-01,mc171,,15.431100981767186,18.416199158485277,,21.5255376344086,,1.9787283777466105,Mitte,Hintergrund,52.51360555555556,13.418833333333334
276,2018-05-01,mc115,,41.486909770920974,75.24865591397848,,,,22.210378681626928,Hardenbergplatz,Verkehr,52.5066,13.332972222222223
277,2018-05-01,mc143,,48.84894704407326,93.83468804454075,,29.829912023460416,,29.461664329125764,Silbersteinstraße,Verkehr,52.467511111111115,13.441650000000001
278,2018-06-01,mc124,,41.4066425120773,85.43599033816425,,21.481582125603868,,28.786292270531405,Mariendorfer Damm,Verkehr,52.43805555555555,13.3875
279,2018-06-01,mc042,,16.080857487922703,19.023731884057973,73.87771739130436,21.05787037037037,,1.9264492753623186,Neukölln,Hintergrund,52.48943888888889,13.430855555555555
280,2018-06-01,mc171,,17.608272946859906,21.855544576196753,,17.49747584541063,,2.7664306104523493,Mitte,Hintergrund,52.51360555555556,13.418833333333334
281,2018-06-01,mc115,,32.38272946859904,55.614130434782595,,,,15.260024154589372,Hardenbergplatz,Verkehr,52.5066,13.332972222222223
282,2018-06-01,mc143,,38.45573671497584,69.06962560386474,,24.042814009661836,,20.0625,Silbersteinstraße,Verkehr,52.467511111111115,13.441650000000001
283,2018-06-01,mc174,0.2683283926218708,33.19865502854633,54.72023495827843,,22.30432367149758,0.8174430641821946,14.146552481335089,Frankfurter Allee,Verkehr,52.514072222222225,13.469930555555555
284,2018-06-01,mc145,,6.725378787878788,7.130429292929294,70.74722222222222,,,0.28623737373737373,Frohnau,Stadtrand,52.65326944444444,13.296080555555555
285,2018-06-01,mc010,,20.690025252525253,24.717676767676767,70.07506038647342,18.049203996486607,,2.631060606060606,Wedding,Hintergrund,52.543040999999995,13.349326000000001
286,2018-06-01,mc032,,8.364855072463769,8.57711352657005,69.38868808219496,13.646416799574697,,0.15628019323671496,Grunewald,Stadtrand,52.47319166666667,13.225144444444444
287,2018-06-01,mc018,,14.332004830917874,15.974939613526573,,,,1.0948671497584541,Schöneberg,Hintergrund,52.48581388888889,13.348775
288,2018-06-01,mc117,0.27125000000000005,38.02512626262626,64.0016414141414,,21.799094202898548,,17.0280303030303,Schildhornstraße,Verkehr,52.46361111111111,13.318249999999999
289,2018-06-01,mc077,,8.487379227053141,9.366364734299518,69.64402173913044,15.931944444444445,,0.5201690821256039,Buch,Stadtrand,52.64416666666666,13.483055555555556
290,2018-06-01,mw088,0.2743176328502415,39.19595410628018,68.83514492753623,60.47669082125605,20.341666666666665,,19.421799516908205,Messwagen Leipziger Str.,Verkehr,52.510222222222225,13.38811111111111
291,2018-06-01,mc027,,7.894323671497585,8.421256038647341,77.16733091787438,,,0.372403381642512,Marienfelde,Stadtrand,52.398405555555556,13.368102777777779
292,2018-06-01,mc220,,40.92222222222223,78.51376262626263,,25.083333333333332,,24.611237373737378,Karl-Marx-Straße,Verkehr,52.48166944444445,13.433966666666667
293,2018-06-01,mc282,,13.197282608695653,15.776871980676328,,,0.6724637681159419,1.7271135265700484,Karlshorst,Hintergrund,52.485296,13.529504000000001
294,2018-06-01,mc085,,7.519504830917875,8.422524154589372,76.53792270531402,17.224214975845406,,0.6028985507246376,Friedrichshagen,Stadtrand,52.44769722222222,13.64705
295,2018-07-01,mc143,,37.55428938756428,65.24526647966339,,21.6505376344086,,18.144284712482463,Silbersteinstraße,Verkehr,52.467511111111115,13.441650000000001
296,2018-07-01,mc171,,16.356182795698924,19.78745909303413,,16.288978494623652,,2.268700327255726,Mitte,Hintergrund,52.51360555555556,13.418833333333334
297,2018-07-01,mc018,,16.01309022907901,17.702372604020574,,,,1.1270453482935952,Schöneberg,Hintergrund,52.48581388888889,13.348775
298,2018-07-01,mc032,,10.951028517999065,12.113195418419823,68.72079667644184,10.9744623655914,,0.7061711079943898,Grunewald,Stadtrand,52.47319166666667,13.225144444444444
299,2018-07-01,mc027,,9.302663734115349,10.387646627565983,78.10472183263208,,,0.7079667644183772,Marienfelde,Stadtrand,52.398405555555556,13.368102777777779
300,2018-07-01,mc124,,41.95026881720429,79.8629179959825,,20.42880184331797,,24.809021623537753,Mariendorfer Damm,Verkehr,52.43805555555555,13.3875
301,2018-07-01,mc145,,8.547043010752686,9.288000977517106,66.22528050490884,,,0.5481427174975562,Frohnau,Stadtrand,52.65326944444444,13.296080555555555
302,2018-07-01,mc174,0.23911290322580647,28.20886459263037,43.73831229546518,,20.010226741467974,1.0521856007480128,10.191306472863277,Frankfurter Allee,Verkehr,52.514072222222225,13.469930555555555
303,2018-07-01,mc042,,15.746212121212123,18.23582600195504,74.60176651305683,19.03091397849462,,1.6210899315738023,Neukölln,Hintergrund,52.48943888888889,13.430855555555555
304,2018-07-01,mc010,,19.599217986314763,22.65347018572825,71.3078541374474,16.888440860215052,,2.013196480938417,Wedding,Hintergrund,52.543040999999995,13.349326000000001
305,2018-07-01,mc117,0.2643817204301075,38.645776842761414,64.27761025401277,,19.982410004675085,,16.7720469066542,Schildhornstraße,Verkehr,52.46361111111111,13.318249999999999
306,2018-07-01,mc077,,9.75830889540567,11.182429130009778,63.35771889400922,15.530797101449275,,0.9619990224828934,Buch,Stadtrand,52.64416666666666,13.483055555555556
307,2018-07-01,mw088,0.25292776998597477,37.01338242169237,58.475875515321526,63.71756661991585,18.77016129032258,,14.039562879850397,Messwagen Leipziger Str.,Verkehr,52.510222222222225,13.38811111111111
308,2018-07-01,mc282,,13.585670874240304,16.533426834969614,,,0.6434081346423562,1.93869798971482,Karlshorst,Hintergrund,52.485296,13.529504000000001
309,2018-07-01,mc220,,37.58152705172341,64.56731055293466,,23.5739247311828,,17.675644948786605,Karl-Marx-Straße,Verkehr,52.48166944444445,13.433966666666667
310,2018-07-01,mc085,,7.724462365591397,8.819525904203322,77.57673509286411,15.708333333333334,,0.6951368523949167,Friedrichshagen,Stadtrand,52.44769722222222,13.64705
311,2018-07-01,mc115,,38.3713768115942,69.76291491351098,,,,20.637213651238902,Hardenbergplatz,Verkehr,52.5066,13.332972222222223
312,2018-08-01,mc115,,42.81346423562414,73.04692613370736,,,,19.816327723235155,Hardenbergplatz,Verkehr,52.5066,13.332972222222223
313,2018-08-01,mc124,,44.490320455607964,86.0421589669486,,20.5602394916911,,27.18862184254891,Mariendorfer Damm,Verkehr,52.43805555555555,13.3875
314,2018-08-01,mc143,,48.30889540566959,89.63563049853374,,24.638440860215052,,27.045943304007817,Silbersteinstraße,Verkehr,52.467511111111115,13.441650000000001
315,2018-08-01,mc282,,15.745324918186066,18.36150070126227,,,0.5147849462365592,1.7432795698924732,Karlshorst,Hintergrund,52.485296,13.529504000000001
316,2018-08-01,mw088,0.3158017765310894,46.212014960261804,83.18758765778401,60.02635577372605,20.076612903225808,,24.2038920056101,Messwagen Leipziger Str.,Verkehr,52.510222222222225,13.38811111111111
317,2018-08-01,mc220,,46.52289141414142,87.63176767676768,,24.18222222222222,,26.928636363636365,Karl-Marx-Straße,Verkehr,52.48166944444445,13.433966666666667
318,2018-08-01,mc032,,11.653385184240724,12.335357431255048,72.29154978962133,13.018115942028988,,0.44993943644013773,Grunewald,Stadtrand,52.47319166666667,13.225144444444444
319,2018-08-01,mc010,,24.633308895405666,29.25,71.7346306685367,18.181451612903224,,3.035434995112414,Wedding,Hintergrund,52.543040999999995,13.349326000000001
320,2018-08-01,mc171,,22.077468230694045,26.51319648093842,,21.97763929618768,,2.8957722385141738,Mitte,Hintergrund,52.51360555555556,13.418833333333334
321,2018-08-01,mc077,,12.074371487725525,12.922058932268559,69.14662225338945,18.310834502103784,,0.8330145777551108,Buch,Stadtrand,52.64416666666666,13.483055555555556
322,2018-08-01,mc042,,19.836876832844574,23.077712609970675,73.56860682561944,22.84145628798504,,2.143647201326023,Neukölln,Hintergrund,52.48943888888889,13.430855555555555
323,2018-08-01,mc018,,17.5715537968343,20.295481867361246,,,,1.834076337407333,Schöneberg,Hintergrund,52.48581388888889,13.348775
324,2018-08-01,mc027,,10.66173144488362,11.49615173473869,82.21656236275801,,,0.5141798418972333,Marienfelde,Stadtrand,52.398405555555556,13.368102777777779
325,2018-08-01,mc145,,9.907725572697522,10.490649836372135,72.87359747545582,,,0.3744156147732586,Frohnau,Stadtrand,52.65326944444444,13.296080555555555
326,2018-08-01,mc174,0.3100794331844104,37.57378923676121,64.01860898128062,,22.830474778844348,0.5384748102139406,17.310319297089894,Frankfurter Allee,Verkehr,52.514072222222225,13.469930555555555
327,2018-08-01,mc117,0.32317087424029917,43.709599501324604,74.83343073087111,,20.73965638148668,,20.423913043478265,Schildhornstraße,Verkehr,52.46361111111111,13.318249999999999
328,2018-08-01,mc085,,9.194074333800838,9.857994389901824,81.8876811594203,16.080645161290327,,0.4762155212716223,Friedrichshagen,Stadtrand,52.44769722222222,13.64705
329,2018-09-01,mc171,,29.672282608695653,40.1790458937198,,24.416540404040404,,6.883574879227053,Mitte,Hintergrund,52.51360555555556,13.418833333333334
330,2018-09-01,mc282,,21.104430171278,29.04407663592446,,,0.704229797979798,5.200516029863857,Karlshorst,Hintergrund,52.485296,13.529504000000001
331,2018-09-01,mc145,,11.486202553485162,12.933122843340236,54.1311922015183,,,0.9480797101449274,Frohnau,Stadtrand,52.65326944444444,13.296080555555555
332,2018-09-01,mc124,,46.95117845117845,102.04162457912457,,22.22962962962963,,36.0685606060606,Mariendorfer Damm,Verkehr,52.43805555555555,13.3875
333,2018-09-01,mc085,,11.286616161616163,12.513383838383838,62.66968599033817,16.104166666666664,,0.7964646464646467,Friedrichshagen,Stadtrand,52.44769722222222,13.64705
334,2018-09-01,mc042,,27.7416425120773,36.78878019323671,51.35528812974465,25.06018806073154,,5.974432367149758,Neukölln,Hintergrund,52.48943888888889,13.430855555555555
335,2018-09-01,mc077,,14.821575224292616,16.77558661145618,50.80376121463079,15.186853002070393,,1.3147860593512766,Buch,Stadtrand,52.64416666666666,13.483055555555556
336,2018-09-01,mc117,0.36573232323232324,46.16729797979797,85.30037878787881,,23.009946514837818,,25.63775252525253,Schildhornstraße,Verkehr,52.46361111111111,13.318249999999999
337,2018-09-01,mc174,0.356268115942029,41.23544685990338,72.27542819499341,,25.65815217391304,0.3995427881297447,20.300812472551602,Frankfurter Allee,Verkehr,52.514072222222225,13.469930555555555
338,2018-09-01,mc027,,12.820410628019326,14.090338164251206,62.23756038647343,,,0.8556159420289855,Marienfelde,Stadtrand,52.398405555555556,13.368102777777779
339,2018-09-01,mc018,,25.623830698287225,31.81607927097057,,,,4.069834211682038,Schöneberg,Hintergrund,52.48581388888889,13.348775
340,2018-09-01,mc115,,46.55169082125604,85.63303140096619,,,,25.627657004830915,Hardenbergplatz,Verkehr,52.5066,13.332972222222223
341,2018-09-01,mc143,,52.474747474747474,109.12058080808082,,27.294927536231874,,37.11035353535354,Silbersteinstraße,Verkehr,52.467511111111115,13.441650000000001
342,2018-09-01,mc032,,13.179166666666669,14.592089371980677,54.99426328502416,14.785858585858588,,0.8890096618357487,Grunewald,Stadtrand,52.47319166666667,13.225144444444444
343,2018-09-01,mw088,0.36381469979296077,51.62165404040404,101.44501262626262,40.657160110420975,21.017658730158733,,32.617992424242416,Messwagen Leipziger Str.,Verkehr,52.510222222222225,13.38811111111111
344,2018-09-01,mc220,,52.39267676767677,109.9227272727273,,25.820833333333326,,37.65631313131313,Karl-Marx-Straße,Verkehr,52.48166944444445,13.433966666666667
345,2018-09-01,mc010,,30.059903381642513,39.347101449275364,50.86545893719808,17.766666666666666,,6.090096618357487,Wedding,Hintergrund,52.543040999999995,13.349326000000001
346,2018-10-01,mc077,,18.294599217986317,23.885630498533722,34.582690509583905,17.865591397849464,,3.6851173020527863,Buch,Stadtrand,52.64416666666666,13.483055555555556
347,2018-10-01,mc085,,14.735826001955035,18.588784053720943,47.2029941773981,20.63671274961597,,2.5223925793701385,Friedrichshagen,Stadtrand,52.44769722222222,13.64705
348,2018-10-01,mc143,,56.65669796542869,153.50520254640165,,31.398475285817497,,63.388775553572195,Silbersteinstraße,Verkehr,52.467511111111115,13.441650000000001
349,2018-10-01,mc145,,16.27974520804114,20.464352501168765,37.59952080411407,,,2.787926601215521,Frohnau,Stadtrand,52.65326944444444,13.296080555555555
350,2018-10-01,mw088,0.4253599812996727,54.95088826554465,128.43105423094906,27.85397381954184,27.26720430107527,,48.09787283777465,Messwagen Leipziger Str.,Verkehr,52.510222222222225,13.38811111111111
351,2018-10-01,mc282,,24.250116877045347,43.432854137447414,,,0.9247311827956991,12.548270219728845,Karlshorst,Hintergrund,52.485296,13.529504000000001
352,2018-10-01,mc117,0.45,50.66138063666114,115.66318691827104,,25.080645161290327,,42.58036359386289,Schildhornstraße,Verkehr,52.46361111111111,13.318249999999999
353,2018-10-01,mc027,,17.1288197543457,21.775930766288408,42.634408602150536,,,3.0211813081728933,Marienfelde,Stadtrand,52.398405555555556,13.368102777777779
354,2018-10-01,mc032,,19.26775608375778,26.327956989247316,36.33817204301074,17.878543499511242,,4.5893463497453295,Grunewald,Stadtrand,52.47319166666667,13.225144444444444
355,2018-10-01,mc220,,55.82332440817714,140.7010019550342,,32.59689638318671,,55.861925708699886,Karl-Marx-Straße,Verkehr,52.48166944444445,13.433966666666667
356,2018-10-01,mc018,,32.56158357771261,51.68569106209358,,,,12.506136044880781,Schöneberg,Hintergrund,52.48581388888889,13.348775
357,2018-10-01,mc010,,36.434410727187725,59.63452016660292,34.443686514514,23.361925708699907,,15.19206086106507,Wedding,Hintergrund,52.543040999999995,13.349326000000001
358,2018-10-01,mc124,,42.84481915933528,113.94240617960813,,26.575391006842615,,46.516803731565304,Mariendorfer Damm,Verkehr,52.43805555555555,13.3875
359,2018-10-01,mc174,0.4165062263589613,46.637957414254764,99.73225593947893,,30.905337941628268,1.0005206341110968,34.74899060733562,Frankfurter Allee,Verkehr,52.514072222222225,13.469930555555555
360,2018-10-01,mc115,,48.65690743338006,102.69822346891073,,,,35.38861617578307,Hardenbergplatz,Verkehr,52.5066,13.332972222222223
361,2018-10-01,mc042,,32.75777232351566,51.8218793828892,35.82624633431085,28.166666666666668,,12.473936418887329,Neukölln,Hintergrund,52.48943888888889,13.430855555555555
362,2018-10-01,mc171,,33.454143215363416,53.92498618725828,,27.38867461430575,,13.38715748954178,Mitte,Hintergrund,52.51360555555556,13.418833333333334
363,2018-11-01,mw088,0.5009722222222222,50.26213768115942,148.07391304347829,9.920833333333333,33.091485507246375,,64.02022946859903,Messwagen Leipziger Str.,Verkehr,52.510222222222225,13.38811111111111
364,2018-11-01,mc145,,17.415652173913042,24.227872670807454,16.984565217391303,,,4.460282953761213,Frohnau,Stadtrand,52.65326944444444,13.296080555555555
365,2018-11-01,mc018,,32.43131313131314,54.51830808080809,,,,14.456186868686869,Schöneberg,Hintergrund,52.48581388888889,13.348775
366,2018-11-01,mc010,,30.974703557312242,53.11209376372421,14.261720465524812,29.69180668365452,,14.514350021958721,Wedding,Hintergrund,52.543040999999995,13.349326000000001
367,2018-11-01,mc220,,42.33083333333333,115.36954545454546,,37.175555555555555,,47.81058080808079,Karl-Marx-Straße,Verkehr,52.48166944444445,13.433966666666667
368,2018-11-01,mc143,,51.43864734299517,184.4735507246377,,36.35688405797101,,87.08900966183576,Silbersteinstraße,Verkehr,52.467511111111115,13.441650000000001
369,2018-11-01,mc042,,28.65012077294686,46.60893719806764,15.692330917874393,30.105555555555554,,11.767028985507245,Neukölln,Hintergrund,52.48943888888889,13.430855555555555
370,2018-11-01,mc171,,27.768478260869564,42.52125603864735,,30.274516908212565,,9.63520531400966,Mitte,Hintergrund,52.51360555555556,13.418833333333334
371,2018-11-01,mc174,0.4824972551602986,39.15925010979359,103.0375164690382,,35.19179841897233,1.2619729907773385,41.81846179183136,Frankfurter Allee,Verkehr,52.514072222222225,13.469930555555555
372,2018-11-01,mc282,,22.457775738754,45.37189833113746,,,1.0617063492063492,14.991272978229501,Karlshorst,Hintergrund,52.485296,13.529504000000001
373,2018-11-01,mc032,,21.20229468599034,35.6489734299517,13.33253732981994,23.852777777777774,,9.613175230566533,Grunewald,Stadtrand,52.47319166666667,13.225144444444444
374,2018-11-01,mc085,,15.459584980237148,21.060320597277116,23.12569169960474,26.77058080808081,,3.661001317523057,Friedrichshagen,Stadtrand,52.44769722222222,13.64705
375,2018-11-01,mc124,,33.248967940272294,89.8804512516469,,31.307367149758452,,37.05315656565657,Mariendorfer Damm,Verkehr,52.43805555555555,13.3875
376,2018-11-01,mc117,0.5078661616161616,45.68257575757575,123.7486111111111,,30.33472222222223,,51.10997474747475,Schildhornstraße,Verkehr,52.46361111111111,13.318249999999999
377,2018-11-01,mc027,,20.287653711023278,29.574182037768992,16.408876811594205,,,6.094784804567413,Marienfelde,Stadtrand,52.398405555555556,13.368102777777779
378,2018-11-01,mc115,,46.639931927975404,115.40788317962229,,,,45.095696091348266,Hardenbergplatz,Verkehr,52.5066,13.332972222222223
379,2018-11-01,mc077,,16.866540404040403,25.470202020202027,16.866666666666664,26.1375,,5.5823232323232315,Buch,Stadtrand,52.64416666666666,13.483055555555556
380,2018-12-01,mc145,,13.337365591397852,17.911290322580644,28.113955119214577,,,2.9599217986314765,Frohnau,Stadtrand,52.65326944444444,13.296080555555555
381,2018-12-01,mc174,0.39001285647498846,34.48188405797101,79.77121318373071,11.4,21.334769251319038,0.9079593267882187,29.631311360448812,Frankfurter Allee,Verkehr,52.514072222222225,13.469930555555555
382,2018-12-01,mc220,,43.667240426707465,126.89630881040415,,20.919121084618983,,54.478181180670646,Karl-Marx-Straße,Verkehr,52.48166944444445,13.433966666666667
383,2018-12-01,mc282,,20.749181860682565,29.552769985974756,,,1.1809256661991585,5.7723819541841985,Karlshorst,Hintergrund,52.485296,13.529504000000001
384,2018-12-01,mc018,,23.713125292192622,33.36097475455821,,,,6.374883122954652,Schöneberg,Hintergrund,52.48581388888889,13.348775
385,2018-12-01,mc171,,24.284361851332402,33.32824918186068,,16.611559139784944,,5.913803179055633,Mitte,Hintergrund,52.51360555555556,13.418833333333334
386,2018-12-01,mw088,0.37702622295890176,38.54594330400783,102.88147605083088,21.36566577415105,18.10447214076246,,42.115469208211145,Messwagen Leipziger Str.,Verkehr,52.510222222222225,13.38811111111111
387,2018-12-01,mc010,,27.810892940626463,43.69378214118747,22.799497428704996,15.86290322580645,,10.371376811594201,Wedding,Hintergrund,52.543040999999995,13.349326000000001
388,2018-12-01,mc027,,13.54043945769051,15.397089761570827,29.1442262739598,,,1.1856591865357644,Marienfelde,Stadtrand,52.398405555555556,13.368102777777779
389,2018-12-01,mc115,,34.88806518399787,80.04031423228479,,,,29.582423362051696,Hardenbergplatz,Verkehr,52.5066,13.332972222222223
390,2018-12-01,mc117,0.3901881720430107,35.49499022482893,91.4150782013685,,16.91935483870968,,36.59298631476051,Schildhornstraße,Verkehr,52.46361111111111,13.318249999999999
391,2018-12-01,mc042,,24.89774321050618,35.321874070296225,25.015135577372607,16.690860215053767,,6.841450975392069,Neukölln,Hintergrund,52.48943888888889,13.430855555555555
392,2018-12-01,mc085,,13.75095171308355,15.435108194750551,30.921750818139312,14.318631870700592,,1.1386746143057502,Friedrichshagen,Stadtrand,52.44769722222222,13.64705
393,2018-12-01,mc032,,13.967274427302476,17.781673679289387,30.40024544179523,12.793010752688172,,2.4598527349228614,Grunewald,Stadtrand,52.47319166666667,13.225144444444444
394,2018-12-01,mc143,,37.330119214586276,116.74047452080411,,21.31410705937354,,52.012681159420275,Silbersteinstraße,Verkehr,52.467511111111115,13.441650000000001
395,2018-12-01,mc077,,15.221774193548386,21.62707722385142,27.41609821921884,14.33968719452591,,4.201979472140762,Buch,Stadtrand,52.64416666666666,13.483055555555556
396,2018-12-01,mc124,,34.17385460495559,94.47919588592798,,18.212365591397848,,39.48731884057972,Mariendorfer Damm,Verkehr,52.43805555555555,13.3875
397,2019-01-01,mc117,0.3764083683964469,38.26466806919121,88.68817204301074,,20.27150537634408,,32.99836372136512,Schildhornstraße,Verkehr,52.46361111111111,13.318249999999999
398,2019-01-01,mc124,,38.125,98.51437587657783,,22.489247311827956,,39.51718092566621,Mariendorfer Damm,Verkehr,52.43805555555555,13.3875
399,2019-01-01,mc010,,28.055840664711624,39.85593841642228,32.70506077606358,18.39516129032258,,7.730571847507332,Wedding,Hintergrund,52.543040999999995,13.349326000000001
400,2019-01-01,mc077,,14.566853669939224,18.25596072931276,39.13978494623656,16.57895044413277,,2.4043361383824218,Buch,Stadtrand,52.64416666666666,13.483055555555556
401,2019-01-01,mc145,,12.474111734455352,14.640603085554,40.65059607293128,,,1.424731182795699,Frohnau,Stadtrand,52.65326944444444,13.296080555555555
402,2019-01-01,mc115,,34.977639296187675,71.43792766373413,,,,23.88526392961877,Hardenbergplatz,Verkehr,52.5066,13.332972222222223
403,2019-01-01,mc220,,45.34426133707339,114.78669939223937,,23.204301075268816,,45.45132071061243,Karl-Marx-Straße,Verkehr,52.48166944444445,13.433966666666667
404,2019-01-01,mc018,,24.57368035190617,31.53066959921799,,,,4.550219941348973,Schöneberg,Hintergrund,52.48581388888889,13.348775
405,2019-01-01,mc032,,13.165886532822016,15.057917888563049,42.221189808321654,14.881720430107531,,1.3971163245356792,Grunewald,Stadtrand,52.47319166666667,13.225144444444444
406,2019-01-01,mc027,,13.858382209188656,15.34249755620723,42.00607760635811,,,0.9479472140762465,Marienfelde,Stadtrand,52.398405555555556,13.368102777777779
407,2019-01-01,mc143,,39.99059139784946,108.14173998044963,,24.993279569892476,,44.622067448680355,Silbersteinstraße,Verkehr,52.467511111111115,13.441650000000001
408,2019-01-01,mw088,0.35403810191678353,39.18028284244974,90.27857643758765,30.161757830762028,21.288978494623656,,33.45441795231416,Messwagen Leipziger Str.,Verkehr,52.510222222222225,13.38811111111111
409,2019-01-01,mc085,,13.333391771856006,14.399602618045815,43.09022907900889,16.663978494623656,,0.7033076203833567,Friedrichshagen,Stadtrand,52.44769722222222,13.64705
410,2019-01-01,mc042,,25.78958944281525,33.64872604020571,35.21248246844319,19.376344086021508,,5.1696470313230485,Neukölln,Hintergrund,52.48943888888889,13.430855555555555
411,2019-01-01,mc171,,24.422287390029325,29.852150537634408,,19.538978494623656,,3.552541544477028,Mitte,Hintergrund,52.51360555555556,13.418833333333334
412,2019-01-01,mc282,,21.381720430107528,27.00012218963832,,,1.1779081133919844,3.6578690127077227,Karlshorst,Hintergrund,52.485296,13.529504000000001
413,2019-01-01,mc174,0.3792660121552126,36.95102851799907,79.07100280504908,27.743747078073866,25.74754558204769,1.0665614773258534,27.583333333333336,Frankfurter Allee,Verkehr,52.514072222222225,13.469930555555555
414,2019-02-01,mc018,,34.08469202898551,48.933229813664596,,,,9.71881469979296,Schöneberg,Hintergrund,52.48581388888889,13.348775
415,2019-02-01,mw088,0.4471014492753623,51.41017316017316,117.70779220779221,23.734666149068328,28.639880952380945,,43.398133116883116,Messwagen Leipziger Str.,Verkehr,52.510222222222225,13.38811111111111
416,2019-02-01,mc077,,24.0764751552795,35.32408126293996,31.875517598343688,23.136904761904763,,7.352807971014493,Buch,Stadtrand,52.64416666666666,13.483055555555556
417,2019-02-01,mc171,,35.21510328439676,50.80811805947674,,27.075892857142858,,10.232266374929418,Mitte,Hintergrund,52.51360555555556,13.418833333333334
418,2019-02-01,mc117,0.48422619047619053,50.08443322981367,116.22424948240165,,27.802083333333336,,43.30816511387163,Schildhornstraße,Verkehr,52.46361111111111,13.318249999999999
419,2019-02-01,mc282,,31.619112318840582,57.52419772256729,,,2.736607142857143,16.946428571428573,Karlshorst,Hintergrund,52.485296,13.529504000000001
420,2019-02-01,mc010,,38.99197722567288,64.58495082815735,27.293672360248454,24.95535714285715,,16.779503105590063,Wedding,Hintergrund,52.543040999999995,13.349326000000001
421,2019-02-01,mc220,,58.96726190476191,157.5166278467909,,33.433035714285715,,64.51106366459628,Karl-Marx-Straße,Verkehr,52.48166944444445,13.433966666666667
422,2019-02-01,mc042,,37.24883540372671,56.78040890269152,28.471337991718425,25.299107142857142,,12.784484989648032,Neukölln,Hintergrund,52.48943888888889,13.430855555555555
423,2019-02-01,mc143,,52.07770445134576,139.91052018633542,,33.92857142857143,,57.46862060041409,Silbersteinstraße,Verkehr,52.467511111111115,13.441650000000001
424,2019-02-01,mc027,,19.993100649350648,23.851731601731597,39.69914596273292,,,2.536525974025974,Marienfelde,Stadtrand,52.398405555555556,13.368102777777779
425,2019-02-01,mc085,,21.929924242424242,26.610930735930737,37.16925465838508,22.947916666666668,,3.056412337662338,Friedrichshagen,Stadtrand,52.44769722222222,13.64705
426,2019-02-01,mc032,,17.977678571428577,22.72263198757764,38.34491459627329,19.276785714285715,,3.085468426501035,Grunewald,Stadtrand,52.47319166666667,13.225144444444444
427,2019-02-01,mc145,,19.852484472049692,25.34439699792961,35.29645445134575,,,3.5816511387163565,Frohnau,Stadtrand,52.65326944444444,13.296080555555555
428,2019-02-01,mc124,,51.25705227743272,142.72250258799173,,32.61607142857143,,59.87357660455485,Mariendorfer Damm,Verkehr,52.43805555555555,13.3875
429,2019-02-01,mc174,0.5249999999999999,48.316964285714285,122.01598084886128,21.339868012422357,44.73259575569359,1.6354166666666665,47.88390504423114,Frankfurter Allee,Verkehr,52.514072222222225,13.469930555555555
430,2019-02-01,mc115,,44.6185947204969,88.43918219461698,,,,28.66737836438924,Hardenbergplatz,Verkehr,52.5066,13.332972222222223
431,2019-03-01,mc115,,29.441471163245357,52.218050065876156,,,,14.918441072718773,Hardenbergplatz,Verkehr,52.5066,13.332972222222223
432,2019-03-01,mc117,0.32433486336010886,34.72391516851545,71.7220982617196,,17.280759913298485,,24.221349186110764,Schildhornstraße,Verkehr,52.46361111111111,13.318249999999999
433,2019-03-01,mc220,,45.79817459305538,105.13061541076966,,19.06390518084066,,38.82741510476432,Karl-Marx-Straße,Verkehr,52.48166944444445,13.433966666666667
434,2019-03-01,mc085,,10.46945259042033,11.676441837732163,59.50629011007692,12.998310595435424,,0.81524926686217,Friedrichshagen,Stadtrand,52.44769722222222,13.64705
435,2019-03-01,mc010,,25.102251476900847,33.26071018742828,50.760758000765016,14.98179374389052,,5.353000552509668,Wedding,Hintergrund,52.543040999999995,13.349326000000001
436,2019-03-01,mc174,0.3304432827574483,34.73889136809894,66.1242137362404,44.23827510731439,19.942570869990227,0.45501296272684777,20.599951124144674,Frankfurter Allee,Verkehr,52.514072222222225,13.469930555555555
437,2019-03-01,mc171,,21.141410599685496,25.07277189850822,,15.364736070381234,,2.551771218496324,Mitte,Hintergrund,52.51360555555556,13.418833333333334
438,2019-03-01,mc077,,12.753910068426196,14.918255131964811,54.41162501593778,12.643572825024439,,1.3996823069403714,Buch,Stadtrand,52.64416666666666,13.483055555555556
439,2019-03-01,mc042,,22.46616940796464,27.403581750180628,52.842359428790004,14.755865102639296,,3.2839049683369455,Neukölln,Hintergrund,52.48943888888889,13.430855555555555
440,2019-03-01,mc032,,8.023412597220451,9.059346976072083,59.942082111436946,12.174364613880742,,0.6840813464235624,Grunewald,Stadtrand,52.47319166666667,13.225144444444444
441,2019-03-01,mc282,,19.412634408602145,27.290566959921797,,,0.9612021335373371,5.1436950146627565,Karlshorst,Hintergrund,52.485296,13.529504000000001
442,2019-03-01,mc124,,41.76086425262442,99.05204747333079,,18.728983382209186,,37.51787687534532,Mariendorfer Damm,Verkehr,52.43805555555555,13.3875
443,2019-03-01,mc145,,8.926149645118793,9.762707722385143,59.315621148370084,,,0.5531790556334736,Frohnau,Stadtrand,52.65326944444444,13.296080555555555
444,2019-03-01,mc143,,36.87432530069276,78.19095584172723,,19.703323558162268,,27.07185281992435,Silbersteinstraße,Verkehr,52.467511111111115,13.441650000000001
445,2019-03-01,mw088,0.3071194058396022,34.81950465383145,70.31949934123847,47.496036805644096,16.608993157380255,,23.237696034680607,Messwagen Leipziger Str.,Verkehr,52.510222222222225,13.38811111111111
446,2019-03-01,mc018,,18.415078201368523,21.72165200391007,,,,2.158724340175953,Schöneberg,Hintergrund,52.48581388888889,13.348775
447,2019-03-01,mc027,,9.605083088954057,10.746456500488758,61.44450996642441,,,0.766373411534702,Marienfelde,Stadtrand,52.398405555555556,13.368102777777779
448,2019-04-01,mc077,,7.837439613526568,8.329710144927537,76.79281400966185,22.320833333333333,,0.3017512077294686,Buch,Stadtrand,52.64416666666666,13.483055555555556
449,2019-04-01,mc010,,18.186352657004832,21.653683574879228,77.61841787439613,25.470833333333328,,2.252777777777778,Wedding,Hintergrund,52.543040999999995,13.349326000000001
450,2019-04-01,mc174,0.2919685990338164,26.96702898550724,42.28605072463768,71.82022946859904,29.202536231884064,1.6876207729468597,10.027234299516909,Frankfurter Allee,Verkehr,52.514072222222225,13.469930555555555
451,2019-04-01,mc115,,33.498369565217395,60.182125603864726,,,,17.54927536231884,Hardenbergplatz,Verkehr,52.5066,13.332972222222223
452,2019-04-01,mc145,,6.9169082125603865,7.450301932367153,83.19070048309177,,,0.37228260869565216,Frohnau,Stadtrand,52.65326944444444,13.296080555555555
453,2019-04-01,mc032,,12.528442028985506,13.467814009661838,78.42192028985508,22.312499999999996,,0.5942028985507245,Grunewald,Stadtrand,52.47319166666667,13.225144444444444
454,2019-04-01,mc220,,31.362500000000004,48.63207070707071,,28.155555555555555,,11.298863636363638,Karl-Marx-Straße,Verkehr,52.48166944444445,13.433966666666667
455,2019-04-01,mc117,0.31531400966183576,37.03442028985507,60.137922705314004,,30.86944444444445,,15.143538647342991,Schildhornstraße,Verkehr,52.46361111111111,13.318249999999999
456,2019-04-01,mc085,,7.028260869565216,7.795410628019324,81.84281400966185,22.337922705314003,,0.5073671497584541,Friedrichshagen,Stadtrand,52.44769722222222,13.64705
457,2019-04-01,mc027,,11.88920475659606,13.007539018952063,82.62282144184319,,,0.7486924005945746,Marienfelde,Stadtrand,52.398405555555556,13.368102777777779
458,2019-04-01,mc124,,28.666666666666664,48.33164251207729,,27.772644927536238,,12.875785024154592,Mariendorfer Damm,Verkehr,52.43805555555555,13.3875
459,2019-04-01,mc018,,19.553864734299516,22.062379227053142,,,,1.6433574879227053,Schöneberg,Hintergrund,52.48581388888889,13.348775
460,2019-04-01,mw088,0.31809968413229284,46.26379556433904,79.72474308300396,59.49550724637681,31.696825396825396,,21.901806104523494,Messwagen Leipziger Str.,Verkehr,52.510222222222225,13.38811111111111
461,2019-04-01,mc143,,42.87469806763285,86.08641304347823,,30.59861111111111,,28.302596618357487,Silbersteinstraße,Verkehr,52.467511111111115,13.441650000000001
462,2019-04-01,mc282,,12.757424242424243,15.883838383838384,,,1.875,2.0680555555555555,Karlshorst,Hintergrund,52.485296,13.529504000000001
463,2019-04-01,mc171,,15.533591348265263,17.915107597716297,,25.302570738440306,,1.52610891523935,Mitte,Hintergrund,52.51360555555556,13.418833333333334
464,2019-04-01,mc042,,15.689009661835748,18.057850241545893,79.60199275362318,26.040277777777774,,1.577898550724637,Neukölln,Hintergrund,52.48943888888889,13.430855555555555
465,2019-05-01,mc010,,20.02174975562072,24.169774533554335,64.21632878575376,13.96559033533087,,2.724786433762591,Wedding,Hintergrund,52.543040999999995,13.349326000000001
466,2019-05-01,mc124,,38.91940492887196,81.07920089494424,,17.85963901689708,,27.569349829693447,Mariendorfer Damm,Verkehr,52.43805555555555,13.3875
467,2019-05-01,mc174,0.2839586255259468,29.213768115942035,50.382246376811594,58.67736091631604,19.093560074801307,0.7330528284244974,13.869039270687237,Frankfurter Allee,Verkehr,52.514072222222225,13.469930555555555
468,2019-05-01,mc145,,6.309331797235023,6.945860882922595,67.89678922059707,,,0.4243388098577439,Frohnau,Stadtrand,52.65326944444444,13.296080555555555
469,2019-05-01,mc115,,28.584735857877515,47.562061711079934,,,,12.458041140719965,Hardenbergplatz,Verkehr,52.5066,13.332972222222223
470,2019-05-01,mc042,,17.227734922861153,20.79920523609163,66.22919588592802,15.310834502103784,,2.3476507713885,Neukölln,Hintergrund,52.48943888888889,13.430855555555555
471,2019-05-01,mc171,,18.171418641273593,22.50648052459339,,14.822580645161292,,2.851446199650599,Mitte,Hintergrund,52.51360555555556,13.418833333333334
472,2019-05-01,mc018,,15.353085553997193,17.526414212248714,,,,1.4600864890135574,Schöneberg,Hintergrund,52.48581388888889,13.348775
473,2019-05-01,mc032,,8.906609089343274,9.732723727270491,64.84620518688025,11.784459248870187,,0.5575004305996408,Grunewald,Stadtrand,52.47319166666667,13.225144444444444
474,2019-05-01,mc220,,38.49251986909771,73.208216456288,,17.27284946236559,,22.730656848994858,Karl-Marx-Straße,Verkehr,52.48166944444445,13.433966666666667
475,2019-05-01,mw088,0.24122253389434323,34.007304815334265,59.903050490883594,58.108754090696586,16.89247311827957,,16.938347358578778,Messwagen Leipziger Str.,Verkehr,52.510222222222225,13.38811111111111
476,2019-05-01,mc027,,9.397375079063883,10.454024351676154,71.26351992409867,,,0.7235531309297913,Marienfelde,Stadtrand,52.398405555555556,13.368102777777779
477,2019-05-01,mc282,,13.90359237536657,18.44403714565005,,,,2.9617546432062563,Karlshorst,Hintergrund,52.485296,13.529504000000001
478,2019-05-01,mc077,,8.07497662459093,9.113838242169239,60.16298503973818,11.848585787751286,,0.7128330995792427,Buch,Stadtrand,52.64416666666666,13.483055555555556
479,2019-05-01,mc143,,33.00940860215054,61.83613838242169,,17.256720430107528,,18.906439925198693,Silbersteinstraße,Verkehr,52.467511111111115,13.441650000000001
480,2019-05-01,mc117,0.30217391304347835,34.78201368523949,61.24437927663733,,17.46908602150538,,17.32148093841642,Schildhornstraße,Verkehr,52.46361111111111,13.318249999999999
481,2019-05-01,mc085,,7.082632071061243,7.787634408602153,68.57263908368397,13.068548387096774,,0.48924731182795683,Friedrichshagen,Stadtrand,52.44769722222222,13.64705
482,2019-06-01,mc027,,7.110101010101009,7.718560606060606,91.65923913043478,,,0.39078282828282823,Marienfelde,Stadtrand,52.398405555555556,13.368102777777779
483,2019-06-01,mc220,,43.77391304347825,73.03810386473431,,19.916666666666664,,19.14021739130435,Karl-Marx-Straße,Verkehr,52.48166944444445,13.433966666666667
484,2019-06-01,mc282,,10.580303030303027,12.411742424242425,,,,1.238510101010101,Karlshorst,Hintergrund,52.485296,13.529504000000001
485,2019-06-01,mc115,,35.20853645147123,56.869148001756685,,,,14.233607817303472,Hardenbergplatz,Verkehr,52.5066,13.332972222222223
486,2019-06-01,mc042,,15.435359025032938,17.27206851119895,88.36258234519103,18.408712121212123,,1.2146025472112434,Neukölln,Hintergrund,52.48943888888889,13.430855555555555
487,2019-06-01,mc145,,7.997046552481337,8.418417874396136,82.99026130873956,,,0.3437472551602987,Frohnau,Stadtrand,52.65326944444444,13.296080555555555
488,2019-06-01,mc143,,45.296085858585876,82.39305555555556,,20.690277777777776,,24.284848484848478,Silbersteinstraße,Verkehr,52.467511111111115,13.441650000000001
489,2019-06-01,mc085,,5.947979797979797,6.5584595959595955,92.07294685990338,16.1,,0.41742424242424236,Friedrichshagen,Stadtrand,52.44769722222222,13.64705
490,2019-06-01,mc010,,19.510403726708073,22.189615879289796,85.88537549407114,17.65772946859903,,1.7713924963924963,Wedding,Hintergrund,52.543040999999995,13.349326000000001
491,2019-06-01,mc032,,11.162500000000001,11.792171717171717,80.10718599033817,17.314655172413794,,0.34191919191919207,Grunewald,Stadtrand,52.47319166666667,13.225144444444444
492,2019-06-01,mc124,,33.86099033816426,57.94480676328502,,20.394444444444442,,15.778442028985506,Mariendorfer Damm,Verkehr,52.43805555555555,13.3875
493,2019-06-01,mc018,,14.3175395256917,15.389745278875711,,,,0.7227657004830916,Schöneberg,Hintergrund,52.48581388888889,13.348775
494,2019-06-01,mw088,0.2583393719806763,45.2796497584541,75.75984299516908,72.44894598155469,19.184963768115942,,19.99106280193237,Messwagen Leipziger Str.,Verkehr,52.510222222222225,13.38811111111111
495,2019-06-01,mc077,,8.605391649413388,8.918771566597655,72.8088768115942,16.47083333333334,,0.34241326306543696,Buch,Stadtrand,52.64416666666666,13.483055555555556
496,2019-06-01,mc171,,17.64712157809984,20.62069060166886,,18.479166666666668,,1.9474948762992244,Mitte,Hintergrund,52.51360555555556,13.418833333333334
497,2019-06-01,mc117,0.3028079710144927,41.72826086956522,65.69510869565218,,22.0625,,15.698369565217387,Schildhornstraße,Verkehr,52.46361111111111,13.318249999999999
498,2019-06-01,mc174,0.28119444444444447,33.380688405797095,51.03316425120772,75.62416556873077,22.939070048309176,1.1668236714975848,11.546147342995168,Frankfurter Allee,Verkehr,52.514072222222225,13.469930555555555
499,2019-07-01,mc032,,9.383308895405671,10.808895405669599,61.30680224403927,13.735215053763442,,0.9356060606060607,Grunewald,Stadtrand,52.47319166666667,13.225144444444444
500,2019-07-01,mc085,,7.2967508181393175,8.149193548387094,66.37979195885927,15.002688172043015,,0.5568606825619448,Friedrichshagen,Stadtrand,52.44769722222222,13.64705
501,2019-07-01,mc115,,22.802573420034854,37.185441370223984,,,,9.438703302307793,Hardenbergplatz,Verkehr,52.5066,13.332972222222223
502,2019-07-01,mc018,,12.051250584385224,13.490123889668068,,,,0.9475222066386163,Schöneberg,Hintergrund,52.48581388888889,13.348775
503,2019-07-01,mw088,0.2041023842917251,29.513733052828425,49.3503973819542,56.7518115942029,17.583333333333336,,12.98661757830762,Messwagen Leipziger Str.,Verkehr,52.510222222222225,13.38811111111111
504,2019-07-01,mc220,,33.68554230949042,62.94313931743805,,19.573924731182796,,19.159303412809727,Karl-Marx-Straße,Verkehr,52.48166944444445,13.433966666666667
505,2019-07-01,mc077,,8.600106837606837,9.894465340643464,55.52951145395044,14.696002805049087,,0.7740447957839263,Buch,Stadtrand,52.64416666666666,13.483055555555556
506,2019-07-01,mc027,,7.188049853372434,7.897238514173999,69.47399485741002,,,0.4503910068426197,Marienfelde,Stadtrand,52.398405555555556,13.368102777777779
507,2019-07-01,mc117,0.26263440860215065,30.2484221598878,52.458391771856,,19.711021505376344,,14.548854604955586,Schildhornstraße,Verkehr,52.46361111111111,13.318249999999999
508,2019-07-01,mc282,,11.547978027115473,14.63949275362319,,,,2.0501986909770924,Karlshorst,Hintergrund,52.485296,13.529504000000001
509,2019-07-01,mc171,,16.043855454970462,20.0019550342131,,16.46957690509584,,2.599680181903183,Mitte,Hintergrund,52.51360555555556,13.418833333333334
510,2019-07-01,mc143,,27.36705236091632,47.398083216456286,,16.879032258064512,,13.124707807386631,Silbersteinstraße,Verkehr,52.467511111111115,13.441650000000001
511,2019-07-01,mc145,,6.654419621986243,7.56151071929473,61.390661524076656,,,0.62343050824818,Frohnau,Stadtrand,52.65326944444444,13.296080555555555
512,2019-07-01,mc174,0.25671458625525945,27.479195885928,47.61483169705472,56.31773024777934,19.504032258064512,0.9654628330995795,13.205528284244975,Frankfurter Allee,Verkehr,52.514072222222225,13.469930555555555
513,2019-07-01,mc124,,36.37774661056568,78.20517765310893,,18.544354838709676,,27.375525946704073,Mariendorfer Damm,Verkehr,52.43805555555555,13.3875
514,2019-07-01,mc010,,18.824801309022906,22.30119214586256,61.177419354838705,15.225806451612904,,2.304581580177653,Wedding,Hintergrund,52.543040999999995,13.349326000000001
515,2019-07-01,mc042,,14.008109040717738,16.42331349206349,64.45947204968942,17.794914596273294,,1.608725845410628,Neukölln,Hintergrund,52.48943888888889,13.430855555555555
516,2019-08-01,mc018,,19.056159420289855,21.893115942028988,,,,1.8615007012622722,Schöneberg,Hintergrund,52.48581388888889,13.348775
517,2019-08-01,mc171,,23.32228845254792,28.26858345021038,,17.293010752688172,,3.2485974754558202,Mitte,Hintergrund,52.51360555555556,13.418833333333334
518,2019-08-01,mc143,,44.063931743805526,85.47259233286583,,19.631720430107524,,27.128740065451144,Silbersteinstraße,Verkehr,52.467511111111115,13.441650000000001
519,2019-08-01,mc085,,8.41911045943304,9.63208699902248,75.13318670576734,14.737903225806452,,0.8345552297165201,Friedrichshagen,Stadtrand,52.44769722222222,13.64705
520,2019-08-01,mc124,,44.31573802541544,88.25242785498747,,19.487135176651307,,28.733530961791832,Mariendorfer Damm,Verkehr,52.43805555555555,13.3875
521,2019-08-01,mc042,,21.202747110574443,25.027400667011662,67.31103181805682,18.629670269229717,,2.5275573572537526,Neukölln,Hintergrund,52.48943888888889,13.430855555555555
522,2019-08-01,mc117,0.3404569892473119,44.000467508181394,75.1803412809724,,18.607293127629738,,20.41310191678355,Schildhornstraße,Verkehr,52.46361111111111,13.318249999999999
523,2019-08-01,mc077,,11.5800395256917,13.76717030048026,55.53553062178589,15.589878447872838,,1.4249596242934248,Buch,Stadtrand,52.64416666666666,13.483055555555556
524,2019-08-01,mc220,,44.342332865825156,80.46593034128095,,21.466397849462368,,23.630843852267404,Karl-Marx-Straße,Verkehr,52.48166944444445,13.433966666666667
525,2019-08-01,mc115,,36.50268817204301,59.887585532746826,,,,15.31708211143695,Hardenbergplatz,Verkehr,52.5066,13.332972222222223
526,2019-08-01,mc010,,24.647323515661533,29.03938756428238,65.67233520336606,16.108870967741936,,2.872078073866292,Wedding,Hintergrund,52.543040999999995,13.349326000000001
527,2019-08-01,mc145,,10.019226273959795,11.5788920056101,63.305282842449735,,,1.0106942496493687,Frohnau,Stadtrand,52.65326944444444,13.296080555555555
528,2019-08-01,mc282,,15.565509583917718,20.75479195885928,,,,3.444249649368864,Karlshorst,Hintergrund,52.485296,13.529504000000001
529,2019-08-01,mc032,,13.080156402737044,15.181695992179865,62.334093034128095,14.52284946236559,,1.3822091886608017,Grunewald,Stadtrand,52.47319166666667,13.225144444444444
530,2019-08-01,mc174,0.34249454573788374,38.99906498363722,65.68034128097241,55.21330060776063,20.71370967741936,1.0428938756428239,17.463943431510053,Frankfurter Allee,Verkehr,52.514072222222225,13.469930555555555
531,2019-08-01,mc027,,10.270650048875854,11.34836265884653,71.9617812061711,,,0.6835288367546434,Marienfelde,Stadtrand,52.398405555555556,13.368102777777779
532,2019-08-01,mw088,0.3005317905563348,42.70225572697522,74.47755960729313,56.0122136512389,18.78091397849462,,20.773901355773724,Messwagen Leipziger Str.,Verkehr,52.510222222222225,13.38811111111111
533,2019-09-01,mc143,,37.665942028985505,84.47832125603865,,16.83472222222222,,30.622222222222216,Silbersteinstraße,Verkehr,52.467511111111115,13.441650000000001
534,2019-09-01,mc077,,13.968900966183574,17.33502415458937,41.09420289855072,14.230555555555558,,2.222403381642512,Buch,Stadtrand,52.64416666666666,13.483055555555556
535,2019-09-01,mc042,,22.00036231884058,28.06503623188406,45.94613526570049,17.262082784365393,,3.985084541062803,Neukölln,Hintergrund,52.48943888888889,13.430855555555555
536,2019-09-01,mc010,,26.407246376811596,34.01443236714975,43.93834541062801,14.136111111111111,,4.967572463768116,Wedding,Hintergrund,52.543040999999995,13.349326000000001
537,2019-09-01,mc220,,43.69335748792272,97.50477053140095,,18.541666666666675,,35.24528985507246,Karl-Marx-Straße,Verkehr,52.48166944444445,13.433966666666667
538,2019-09-01,mc174,0.34166666666666673,35.71502525252526,70.58863636363637,37.26527777777779,20.621256038647342,0.8728968253968256,22.833712121212123,Frankfurter Allee,Verkehr,52.514072222222225,13.469930555555555
539,2019-09-01,mc027,,10.865530303030301,11.962121212121213,52.7356884057971,,,0.7304292929292929,Marienfelde,Stadtrand,52.398405555555556,13.368102777777779
540,2019-09-01,mc018,,20.158756038647336,23.666304347826085,,,,2.3555555555555556,Schöneberg,Hintergrund,52.48581388888889,13.348775
541,2019-09-01,mc115,,32.12070707070707,56.672095959595964,,,,16.087247474747475,Hardenbergplatz,Verkehr,52.5066,13.332972222222223
542,2019-09-01,mc085,,10.572705314009662,11.93949275362319,53.737741545893726,13.090277777777777,,0.907669082125604,Friedrichshagen,Stadtrand,52.44769722222222,13.64705
543,2019-09-01,mc171,,23.75368357487923,31.22632850241546,,15.712500000000002,,4.885567632850241,Mitte,Hintergrund,52.51360555555556,13.418833333333334
544,2019-09-01,mc124,,42.70797101449275,106.56020531400966,,18.152777777777775,,41.826690821256044,Mariendorfer Damm,Verkehr,52.43805555555555,13.3875
545,2019-09-01,mc117,0.3406944444444445,37.024000878348716,73.31158322353976,,16.315277777777776,,23.735628019323666,Schildhornstraße,Verkehr,52.46361111111111,13.318249999999999
546,2019-09-01,mc145,,9.666211023276238,10.888601072840205,47.75748243302592,,,0.7632301273605623,Frohnau,Stadtrand,52.65326944444444,13.296080555555555
547,2019-09-01,mw088,0.2929619565217391,34.99393115942029,71.60115165631471,39.03696946169773,16.362571336709266,,23.97936076604555,Messwagen Leipziger Str.,Verkehr,52.510222222222225,13.38811111111111
548,2019-09-01,mc032,,11.91545893719807,14.420471014492755,45.74148550724636,11.674999999999999,,1.6390700483091785,Grunewald,Stadtrand,52.47319166666667,13.225144444444444
549,2019-09-01,mc282,,17.71456960913483,26.364487263943783,,,,5.664350021958717,Karlshorst,Hintergrund,52.485296,13.529504000000001
550,2019-10-01,mc077,,15.129048954785276,22.98301108662259,22.460195017698524,17.14158981115503,,5.162759634007879,Buch,Stadtrand,52.64416666666666,13.483055555555556
551,2019-10-01,mc282,,19.10077457605508,35.90496302435293,,,,11.036444387776788,Karlshorst,Hintergrund,52.485296,13.529504000000001
552,2019-10-01,mc143,,44.39791321348123,124.2096774193548,,19.269598155467722,,52.25308130392282,Silbersteinstraße,Verkehr,52.467511111111115,13.441650000000001
553,2019-10-01,mc085,,11.629149135109865,15.69939223936419,36.42402992052361,14.56854838709677,,2.6794062646096304,Friedrichshagen,Stadtrand,52.44769722222222,13.64705
554,2019-10-01,mc145,,11.126870032725572,14.425432445067788,27.892005610098177,,,2.1455703599812996,Frohnau,Stadtrand,52.65326944444444,13.296080555555555
555,2019-10-01,mw088,0.34729429640018705,41.16617790811339,99.66678885630499,22.244623655913973,17.986559139784944,,38.30449657869013,Messwagen Leipziger Str.,Verkehr,52.510222222222225,13.38811111111111
556,2019-10-01,mc220,,43.51537995664925,110.71331654553957,,20.255498533724342,,44.01228802754048,Karl-Marx-Straße,Verkehr,52.48166944444445,13.433966666666667
557,2019-10-01,mc115,,34.79191104594331,73.58003421309873,,,,25.410679374389048,Hardenbergplatz,Verkehr,52.5066,13.332972222222223
558,2019-10-01,mc027,,12.79552360916316,17.6541608228144,33.77343384759234,,,3.204943899018233,Marienfelde,Stadtrand,52.398405555555556,13.368102777777779
559,2019-10-01,mc042,,24.482877512856472,34.51566152407668,28.575794763908366,16.80587557603687,,6.570243104254326,Neukölln,Hintergrund,52.48943888888889,13.430855555555555
560,2019-10-01,mc018,,25.557917888563047,36.95246823069404,,,,7.479349951124144,Schöneberg,Hintergrund,52.48581388888889,13.348775
561,2019-10-01,mc174,0.37878097241701736,37.16325066938672,86.3275851077394,21.775888265544648,21.883186705767343,1.087949976624591,32.1982075311318,Frankfurter Allee,Verkehr,52.514072222222225,13.469930555555555
562,2019-10-01,mc117,0.3934139784946237,38.168377321603124,91.4594330400782,,17.73387096774194,,34.91202346041056,Schildhornstraße,Verkehr,52.46361111111111,13.318249999999999
563,2019-10-01,mc010,,28.256528417818735,47.56086789554532,27.126728110599082,16.262288786482333,,12.652841781874042,Wedding,Hintergrund,52.543040999999995,13.349326000000001
564,2019-10-01,mc124,,38.22831930808789,112.45587891538104,,19.502921926133713,,48.57474287050023,Mariendorfer Damm,Verkehr,52.43805555555555,13.3875
565,2019-10-01,mc032,,13.941210846189808,19.762681159420293,25.024719495091166,15.731182795698924,,3.8107176250584383,Grunewald,Stadtrand,52.47319166666667,13.225144444444444
566,2019-10-01,mc171,,27.33394428152493,41.12365591397848,,16.69758064516129,,9.065158952781674,Mitte,Hintergrund,52.51360555555556,13.418833333333334
567,2019-11-01,mc124,,35.333333333333336,111.38888888888887,,18.659722222222225,,49.84027777777777,Mariendorfer Damm,Verkehr,52.43805555555555,13.3875
568,2019-11-01,mc018,,25.625000000000004,36.27777777777778,,,,6.979166666666668,Schöneberg,Hintergrund,52.48581388888889,13.348775
569,2019-11-01,mc145,,14.826388888888888,17.229166666666668,17.95138888888889,,,1.5625,Frohnau,Stadtrand,52.65326944444444,13.296080555555555
570,2019-11-01,mc027,,12.486111111111112,14.458333333333334,21.833333333333332,,,1.2638888888888888,Marienfelde,Stadtrand,52.398405555555556,13.368102777777779
571,2019-11-01,mc171,,26.95803140096618,37.46316425120773,,17.284722222222225,,6.898550724637681,Mitte,Hintergrund,52.51360555555556,13.418833333333334
572,2019-11-01,mc143,,43.708333333333336,136.58333333333334,,21.465277777777782,,60.83333333333334,Silbersteinstraße,Verkehr,52.467511111111115,13.441650000000001
573,2019-11-01,mc174,0.4166666666666667,35.00694444444445,85.85416666666667,11.090277777777779,21.527777777777775,1.0069444444444444,33.270833333333336,Frankfurter Allee,Verkehr,52.514072222222225,13.469930555555555
574,2019-11-01,mc010,,27.590277777777782,41.986111111111114,15.104166666666666,16.062500000000004,,9.416666666666666,Wedding,Hintergrund,52.543040999999995,13.349326000000001
575,2019-11-01,mc032,,14.611111111111109,19.756944444444446,16.52777777777778,15.604166666666664,,3.423611111111111,Grunewald,Stadtrand,52.47319166666667,13.225144444444444
576,2019-11-01,mc077,,17.97493961352657,26.193236714975843,10.738526570048307,18.006944444444443,,5.323369565217392,Buch,Stadtrand,52.64416666666666,13.483055555555556
577,2019-11-01,mc042,,26.027777777777775,36.11805555555556,14.097222222222221,16.97222222222222,,6.611111111111111,Neukölln,Hintergrund,52.48943888888889,13.430855555555555
578,2019-11-01,mc282,,22.055555555555557,31.881944444444443,,,,6.409722222222221,Karlshorst,Hintergrund,52.485296,13.529504000000001
579,2019-11-01,mc115,,36.09027777777778,80.86111111111111,,,,29.319444444444443,Hardenbergplatz,Verkehr,52.5066,13.332972222222223
580,2019-11-01,mc220,,45.52777777777777,137.02777777777777,,20.48611111111111,,59.88194444444445,Karl-Marx-Straße,Verkehr,52.48166944444445,13.433966666666667
581,2019-11-01,mc085,,12.645833333333334,13.819444444444445,25.194444444444443,14.520833333333334,,0.8680555555555555,Friedrichshagen,Stadtrand,52.44769722222222,13.64705
582,2019-11-01,mc117,0.41180555555555554,38.048611111111114,97.84027777777779,,17.458333333333332,,39.104166666666664,Schildhornstraße,Verkehr,52.46361111111111,13.318249999999999
583,2019-11-01,mw088,0.37986111111111115,40.56944444444444,113.61805555555554,10.437499999999998,18.36111111111111,,47.77777777777778,Messwagen Leipziger Str.,Verkehr,52.510222222222225,13.38811111111111
